[0.007s] Invoking command in '/home/deadsec/ros2_ws/src/robotics_development/autonomous_navigation/build/autonomous_navigation': CMAKE_PREFIX_PATH=${CMAKE_PREFIX_PATH}:/home/deadsec/ros2_ws/install/turtlebot3_teleop:/home/deadsec/ros2_ws/install/turtlebot3_example:/opt/ros/jazzy DEBUGINFOD_URLS=https://debuginfod.ubuntu.com /usr/bin/cmake /home/deadsec/ros2_ws/src/robotics_development/autonomous_navigation -DCMAKE_INSTALL_PREFIX=/home/deadsec/ros2_ws/src/robotics_development/autonomous_navigation/install/autonomous_navigation
[0.081s] -- The C compiler identification is GNU 13.3.0
[0.117s] -- The CXX compiler identification is GNU 13.3.0
[0.130s] -- Detecting C compiler ABI info
[0.194s] -- Detecting C compiler ABI info - done
[0.202s] -- Check for working C compiler: /usr/bin/cc - skipped
[0.202s] -- Detecting C compile features
[0.202s] -- Detecting C compile features - done
[0.210s] -- Detecting CXX compiler ABI info
[0.281s] -- Detecting CXX compiler ABI info - done
[0.287s] -- Check for working CXX compiler: /usr/bin/c++ - skipped
[0.287s] -- Detecting CXX compile features
[0.287s] -- Detecting CXX compile features - done
[0.290s] -- Found ament_cmake: 2.5.6 (/opt/ros/jazzy/share/ament_cmake/cmake)
[0.407s] -- Found Python3: /usr/bin/python3 (found version "3.12.3") found components: Interpreter 
[0.503s] -- Found rclcpp: 28.1.21 (/opt/ros/jazzy/share/rclcpp/cmake)
[0.540s] -- Found rosidl_generator_c: 4.6.9 (/opt/ros/jazzy/share/rosidl_generator_c/cmake)
[0.553s] -- Found rosidl_generator_cpp: 4.6.9 (/opt/ros/jazzy/share/rosidl_generator_cpp/cmake)
[0.567s] -- Using all available rosidl_typesupport_c: rosidl_typesupport_fastrtps_c;rosidl_typesupport_introspection_c
[0.582s] -- Using all available rosidl_typesupport_cpp: rosidl_typesupport_fastrtps_cpp;rosidl_typesupport_introspection_cpp
[0.645s] -- Found rmw_implementation_cmake: 7.3.3 (/opt/ros/jazzy/share/rmw_implementation_cmake/cmake)
[0.648s] -- Found rmw_fastrtps_cpp: 8.4.4 (/opt/ros/jazzy/share/rmw_fastrtps_cpp/cmake)
[0.728s] -- Found OpenSSL: /usr/lib/x86_64-linux-gnu/libcrypto.so (found version "3.0.13")  
[0.743s] -- Found FastRTPS: /opt/ros/jazzy/include (Required is at least version "2.13") 
[0.760s] -- Using RMW implementation 'rmw_fastrtps_cpp' as default
[0.811s] -- Found rclcpp_action: 28.1.21 (/opt/ros/jazzy/share/rclcpp_action/cmake)
[0.839s] -- Found geometry_msgs: 5.3.8 (/opt/ros/jazzy/share/geometry_msgs/cmake)
[0.859s] -- Found nav2_msgs: 1.3.12 (/opt/ros/jazzy/share/nav2_msgs/cmake)
[0.930s] -- Found rosidl_default_generators: 1.6.1 (/opt/ros/jazzy/share/rosidl_default_generators/cmake)
[0.944s] -- Found rosidl_adapter: 4.6.9 (/opt/ros/jazzy/share/rosidl_adapter/cmake)
[1.342s] -- Found ament_cmake_ros: 0.12.1 (/opt/ros/jazzy/share/ament_cmake_ros/cmake)
[1.918s] -- Using all available rosidl_typesupport_c: rosidl_typesupport_fastrtps_c;rosidl_typesupport_introspection_c
[2.137s] -- Using all available rosidl_typesupport_cpp: rosidl_typesupport_fastrtps_cpp;rosidl_typesupport_introspection_cpp
[2.139s] -- Found python_cmake_module: 0.11.1 (/opt/ros/jazzy/share/python_cmake_module/cmake)
[2.228s] -- Found PythonExtra: /usr/bin/python3  
[2.511s] -- Found Python3: /usr/bin/python3 (found version "3.12.3") found components: Interpreter Development NumPy Development.Module Development.Embed 
[2.585s] -- Found Python3: /usr/bin/python3 (found version "3.12.3") found components: Interpreter 
[2.587s] CMake Deprecation Warning at /opt/ros/jazzy/share/rosidl_cmake/cmake/rosidl_target_interfaces.cmake:32 (message):
[2.587s]   Use rosidl_get_typesupport_target() and target_link_libraries() instead of
[2.587s]   rosidl_target_interfaces().  i.e:
[2.588s] 
[2.588s]     rosidl_get_typesupport_target(cpp_typesupport_target "${PROJECT_NAME}" "rosidl_typesupport_cpp")
[2.588s]     target_link_libraries(${PROJECT_NAME}_node "${cpp_typesupport_target}")
[2.588s] 
[2.588s] Call Stack (most recent call first):
[2.588s]   CMakeLists.txt:34 (rosidl_target_interfaces)
[2.588s] 
[2.588s] 
[2.590s] -- Found ament_lint_auto: 0.17.5 (/opt/ros/jazzy/share/ament_lint_auto/cmake)
[2.608s] -- Found gtest sources under '/opt/ros/jazzy/src/gtest_vendor': C++ tests using 'Google Test' will be built
[2.610s] -- Performing Test CMAKE_HAVE_LIBC_PTHREAD
[2.673s] -- Performing Test CMAKE_HAVE_LIBC_PTHREAD - Success
[2.674s] -- Found Threads: TRUE  
[2.687s] -- Added test 'cppcheck' to perform static code analysis on C / C++ code
[2.687s] -- Configured cppcheck include dirs: $<BUILD_INTERFACE:/home/deadsec/ros2_ws/src/robotics_development/autonomous_navigation/build/autonomous_navigation/rosidl_generator_c>;$<BUILD_INTERFACE:/home/deadsec/ros2_ws/src/robotics_development/autonomous_navigation/build/autonomous_navigation/rosidl_typesupport_fastrtps_c>;$<BUILD_INTERFACE:/home/deadsec/ros2_ws/src/robotics_development/autonomous_navigation/build/autonomous_navigation/rosidl_generator_cpp>;$<BUILD_INTERFACE:/home/deadsec/ros2_ws/src/robotics_development/autonomous_navigation/build/autonomous_navigation/rosidl_typesupport_fastrtps_cpp>;$<BUILD_INTERFACE:/home/deadsec/ros2_ws/src/robotics_development/autonomous_navigation/build/autonomous_navigation/rosidl_typesupport_introspection_c>;$<BUILD_INTERFACE:/home/deadsec/ros2_ws/src/robotics_development/autonomous_navigation/build/autonomous_navigation/rosidl_typesupport_introspection_cpp>;/home/deadsec/ros2_ws/src/robotics_development/autonomous_navigation/build/autonomous_navigation/rosidl_generator_c;/home/deadsec/ros2_ws/src/robotics_development/autonomous_navigation/build/autonomous_navigation/rosidl_generator_py;$<BUILD_INTERFACE:/home/deadsec/ros2_ws/src/robotics_development/autonomous_navigation/include>
[2.687s] -- Configured cppcheck exclude dirs and/or files: 
[2.689s] -- Added test 'flake8' to check Python code syntax and style conventions
[2.689s] -- Configured 'flake8' exclude dirs and/or files: 
[2.692s] -- Added test 'lint_cmake' to check CMake code style
[2.693s] -- Added test 'pep257' to check Python code against some of the docstring style conventions in PEP 257
[2.701s] -- Added test 'uncrustify' to check C / C++ code style
[2.701s] -- Configured uncrustify additional arguments: 
[2.702s] -- Added test 'xmllint' to check XML markup files
[2.704s] -- Configuring done (2.7s)
[2.734s] -- Generating done (0.0s)
[2.746s] -- Build files have been written to: /home/deadsec/ros2_ws/src/robotics_development/autonomous_navigation/build/autonomous_navigation
[2.756s] Invoked command in '/home/deadsec/ros2_ws/src/robotics_development/autonomous_navigation/build/autonomous_navigation' returned '0': CMAKE_PREFIX_PATH=${CMAKE_PREFIX_PATH}:/home/deadsec/ros2_ws/install/turtlebot3_teleop:/home/deadsec/ros2_ws/install/turtlebot3_example:/opt/ros/jazzy DEBUGINFOD_URLS=https://debuginfod.ubuntu.com /usr/bin/cmake /home/deadsec/ros2_ws/src/robotics_development/autonomous_navigation -DCMAKE_INSTALL_PREFIX=/home/deadsec/ros2_ws/src/robotics_development/autonomous_navigation/install/autonomous_navigation
[2.757s] Invoking command in '/home/deadsec/ros2_ws/src/robotics_development/autonomous_navigation/build/autonomous_navigation': CMAKE_PREFIX_PATH=${CMAKE_PREFIX_PATH}:/home/deadsec/ros2_ws/install/turtlebot3_teleop:/home/deadsec/ros2_ws/install/turtlebot3_example:/opt/ros/jazzy DEBUGINFOD_URLS=https://debuginfod.ubuntu.com /usr/bin/cmake --build /home/deadsec/ros2_ws/src/robotics_development/autonomous_navigation/build/autonomous_navigation -- -j24 -l24
[2.799s] [  2%] [32mBuilding CXX object gtest/CMakeFiles/gtest_main.dir/src/gtest_main.cc.o[0m
[2.800s] [  4%] [32mBuilding CXX object gtest/CMakeFiles/gtest.dir/src/gtest-all.cc.o[0m
[2.800s] [  6%] [34m[1mGenerating type hashes for ROS interfaces[0m
[2.802s] [ 11%] [34m[1mGenerating Rust code for ROS interfaces[0m
[2.802s] [ 11%] [32mBuilding CXX object CMakeFiles/simple_velocity_smoother.dir/src/simple_velocity_smoother.cpp.o[0m
[2.804s] [ 11%] Built target ament_cmake_python_copy_autonomous_navigation
[2.916s] [ 11%] Built target autonomous_navigation__rosidl_generator_type_description
[2.927s] running egg_info
[2.927s] creating autonomous_navigation.egg-info
[2.928s] [ 13%] [34m[1mGenerating C code for ROS interfaces[0m
[2.937s] writing autonomous_navigation.egg-info/PKG-INFO
[2.938s] writing dependency_links to autonomous_navigation.egg-info/dependency_links.txt
[2.938s] writing top-level names to autonomous_navigation.egg-info/top_level.txt
[2.938s] writing manifest file 'autonomous_navigation.egg-info/SOURCES.txt'
[2.939s] [ 15%] [34m[1mGenerating C++ code for ROS interfaces[0m
[2.939s] [ 15%] Built target autonomous_navigation__rs
[2.967s] reading manifest file 'autonomous_navigation.egg-info/SOURCES.txt'
[2.967s] writing manifest file 'autonomous_navigation.egg-info/SOURCES.txt'
[2.987s] [ 15%] Built target ament_cmake_python_build_autonomous_navigation_egg
[3.087s] [ 17%] [32mBuilding C object CMakeFiles/autonomous_navigation__rosidl_generator_c.dir/rosidl_generator_c/autonomous_navigation/msg/detail/navigation_command__functions.c.o[0m
[3.087s] [ 20%] [32mBuilding C object CMakeFiles/autonomous_navigation__rosidl_generator_c.dir/rosidl_generator_c/autonomous_navigation/msg/detail/navigation_command__description.c.o[0m
[3.087s] [ 22%] [32mBuilding C object CMakeFiles/autonomous_navigation__rosidl_generator_c.dir/rosidl_generator_c/autonomous_navigation/msg/detail/navigation_command__type_support.c.o[0m
[3.095s] [ 22%] Built target autonomous_navigation__cpp
[3.122s] [ 24%] [32m[1mLinking C shared library libautonomous_navigation__rosidl_generator_c.so[0m
[3.152s] [ 24%] Built target autonomous_navigation__rosidl_generator_c
[3.160s] [ 31%] [34m[1mGenerating C++ type support dispatch for ROS interfaces[0m
[3.160s] [ 31%] [34m[1mGenerating C++ introspection for ROS interfaces[0m
[3.160s] [ 31%] [34m[1mGenerating C type support dispatch for ROS interfaces[0m
[3.161s] [ 33%] [34m[1mGenerating C++ type support for eProsima Fast-RTPS[0m
[3.161s] [ 37%] [34m[1mGenerating C type support for eProsima Fast-RTPS[0m
[3.161s] [ 37%] [34m[1mGenerating C introspection for ROS interfaces[0m
[3.294s] [ 40%] [32mBuilding CXX object CMakeFiles/autonomous_navigation__rosidl_typesupport_cpp.dir/rosidl_typesupport_cpp/autonomous_navigation/msg/navigation_command__type_support.cpp.o[0m
[3.294s] [ 42%] [32mBuilding CXX object CMakeFiles/autonomous_navigation__rosidl_typesupport_c.dir/rosidl_typesupport_c/autonomous_navigation/msg/navigation_command__type_support.cpp.o[0m
[3.311s] [ 44%] [32m[1mLinking CXX static library libgtest_main.a[0m
[3.313s] [ 46%] [32mBuilding CXX object CMakeFiles/autonomous_navigation__rosidl_typesupport_introspection_cpp.dir/rosidl_typesupport_introspection_cpp/autonomous_navigation/msg/detail/navigation_command__type_support.cpp.o[0m
[3.322s] [ 51%] [32mBuilding CXX object CMakeFiles/autonomous_navigation__rosidl_typesupport_fastrtps_cpp.dir/rosidl_typesupport_fastrtps_cpp/autonomous_navigation/msg/detail/dds_fastrtps/navigation_command__type_support.cpp.o[0m
[3.322s] [ 51%] [32m[1mLinking CXX shared library libautonomous_navigation__rosidl_typesupport_c.so[0m
[3.336s] [ 51%] Built target gtest_main
[3.353s] [ 51%] Built target autonomous_navigation__rosidl_typesupport_c
[3.360s] [ 53%] [32mBuilding CXX object CMakeFiles/autonomous_navigation__rosidl_typesupport_fastrtps_c.dir/rosidl_typesupport_fastrtps_c/autonomous_navigation/msg/detail/navigation_command__type_support_c.cpp.o[0m
[3.396s] [ 55%] [32mBuilding C object CMakeFiles/autonomous_navigation__rosidl_typesupport_introspection_c.dir/rosidl_typesupport_introspection_c/autonomous_navigation/msg/detail/navigation_command__type_support.c.o[0m
[3.429s] [ 57%] [32m[1mLinking C shared library libautonomous_navigation__rosidl_typesupport_introspection_c.so[0m
[3.456s] [ 60%] [32m[1mLinking CXX shared library libautonomous_navigation__rosidl_typesupport_cpp.so[0m
[3.456s] [ 60%] Built target autonomous_navigation__rosidl_typesupport_introspection_c
[3.491s] [ 60%] Built target autonomous_navigation__rosidl_typesupport_cpp
[3.499s] [ 62%] [32m[1mLinking CXX shared library libautonomous_navigation__rosidl_typesupport_introspection_cpp.so[0m
[3.551s] [ 62%] Built target autonomous_navigation__rosidl_typesupport_introspection_cpp
[3.604s] [ 64%] [32m[1mLinking CXX shared library libautonomous_navigation__rosidl_typesupport_fastrtps_cpp.so[0m
[3.634s] [ 66%] [32m[1mLinking CXX shared library libautonomous_navigation__rosidl_typesupport_fastrtps_c.so[0m
[3.669s] [ 66%] Built target autonomous_navigation__rosidl_typesupport_fastrtps_cpp
[3.670s] [ 66%] Built target autonomous_navigation__rosidl_typesupport_fastrtps_c
[3.688s] [ 66%] Built target autonomous_navigation
[3.704s] [ 68%] [34m[1mGenerating Python code for ROS interfaces[0m
[3.706s] [ 71%] [32mBuilding CXX object CMakeFiles/nav2_manager_core.dir/src/nav2_manager.cpp.o[0m
[3.875s] [ 71%] Built target autonomous_navigation__py
[3.891s] [ 73%] [32mBuilding C object CMakeFiles/autonomous_navigation__rosidl_generator_py.dir/rosidl_generator_py/autonomous_navigation/msg/_navigation_command_s.c.o[0m
[3.984s] [ 75%] [32m[1mLinking C shared library libautonomous_navigation__rosidl_generator_py.so[0m
[4.022s] [ 75%] Built target autonomous_navigation__rosidl_generator_py
[4.039s] [ 77%] [32mBuilding C object CMakeFiles/autonomous_navigation_s__rosidl_typesupport_introspection_c.dir/rosidl_generator_py/autonomous_navigation/_autonomous_navigation_s.ep.rosidl_typesupport_introspection_c.c.o[0m
[4.041s] [ 80%] [32mBuilding C object CMakeFiles/autonomous_navigation_s__rosidl_typesupport_c.dir/rosidl_generator_py/autonomous_navigation/_autonomous_navigation_s.ep.rosidl_typesupport_c.c.o[0m
[4.041s] [ 82%] [32mBuilding C object CMakeFiles/autonomous_navigation_s__rosidl_typesupport_fastrtps_c.dir/rosidl_generator_py/autonomous_navigation/_autonomous_navigation_s.ep.rosidl_typesupport_fastrtps_c.c.o[0m
[4.100s] [ 86%] [32m[1mLinking C shared module rosidl_generator_py/autonomous_navigation/autonomous_navigation_s__rosidl_typesupport_c.so[0m
[4.101s] [ 86%] [32m[1mLinking C shared module rosidl_generator_py/autonomous_navigation/autonomous_navigation_s__rosidl_typesupport_fastrtps_c.so[0m
[4.101s] [ 88%] [32m[1mLinking C shared module rosidl_generator_py/autonomous_navigation/autonomous_navigation_s__rosidl_typesupport_introspection_c.so[0m
[4.129s] [ 88%] Built target autonomous_navigation_s__rosidl_typesupport_fastrtps_c
[4.129s] [ 88%] Built target autonomous_navigation_s__rosidl_typesupport_c
[4.129s] [ 88%] Built target autonomous_navigation_s__rosidl_typesupport_introspection_c
[4.941s] [ 91%] [32m[1mLinking CXX static library libgtest.a[0m
[4.986s] [ 91%] Built target gtest
[7.137s] [ 93%] [32m[1mLinking CXX executable simple_velocity_smoother[0m
[7.298s] [ 93%] Built target simple_velocity_smoother
[8.709s] [ 95%] [32m[1mLinking CXX shared library libnav2_manager_core.so[0m
[8.927s] [ 95%] Built target nav2_manager_core
[8.944s] [ 97%] [32mBuilding CXX object CMakeFiles/test_nav2_manager.dir/test/test_nav2_manager.cpp.o[0m
[11.552s] [100%] [32m[1mLinking CXX executable test_nav2_manager[0m
[11.758s] [100%] Built target test_nav2_manager
[11.769s] Invoked command in '/home/deadsec/ros2_ws/src/robotics_development/autonomous_navigation/build/autonomous_navigation' returned '0': CMAKE_PREFIX_PATH=${CMAKE_PREFIX_PATH}:/home/deadsec/ros2_ws/install/turtlebot3_teleop:/home/deadsec/ros2_ws/install/turtlebot3_example:/opt/ros/jazzy DEBUGINFOD_URLS=https://debuginfod.ubuntu.com /usr/bin/cmake --build /home/deadsec/ros2_ws/src/robotics_development/autonomous_navigation/build/autonomous_navigation -- -j24 -l24
[11.776s] Invoking command in '/home/deadsec/ros2_ws/src/robotics_development/autonomous_navigation/build/autonomous_navigation': CMAKE_PREFIX_PATH=${CMAKE_PREFIX_PATH}:/home/deadsec/ros2_ws/install/turtlebot3_teleop:/home/deadsec/ros2_ws/install/turtlebot3_example:/opt/ros/jazzy DEBUGINFOD_URLS=https://debuginfod.ubuntu.com /usr/bin/cmake --install /home/deadsec/ros2_ws/src/robotics_development/autonomous_navigation/build/autonomous_navigation
[11.782s] -- Install configuration: ""
[11.782s] -- Installing: /home/deadsec/ros2_ws/src/robotics_development/autonomous_navigation/install/autonomous_navigation/share/ament_index/resource_index/rosidl_interfaces/autonomous_navigation
[11.783s] -- Installing: /home/deadsec/ros2_ws/src/robotics_development/autonomous_navigation/install/autonomous_navigation/share/autonomous_navigation/msg/NavigationCommand.json
[11.783s] -- Installing: /home/deadsec/ros2_ws/src/robotics_development/autonomous_navigation/install/autonomous_navigation/include/autonomous_navigation/autonomous_navigation
[11.783s] -- Installing: /home/deadsec/ros2_ws/src/robotics_development/autonomous_navigation/install/autonomous_navigation/include/autonomous_navigation/autonomous_navigation/msg
[11.783s] -- Installing: /home/deadsec/ros2_ws/src/robotics_development/autonomous_navigation/install/autonomous_navigation/include/autonomous_navigation/autonomous_navigation/msg/detail
[11.783s] -- Installing: /home/deadsec/ros2_ws/src/robotics_development/autonomous_navigation/install/autonomous_navigation/include/autonomous_navigation/autonomous_navigation/msg/detail/navigation_command__type_support.h
[11.783s] -- Installing: /home/deadsec/ros2_ws/src/robotics_development/autonomous_navigation/install/autonomous_navigation/include/autonomous_navigation/autonomous_navigation/msg/detail/navigation_command__type_support.c
[11.783s] -- Installing: /home/deadsec/ros2_ws/src/robotics_development/autonomous_navigation/install/autonomous_navigation/include/autonomous_navigation/autonomous_navigation/msg/detail/navigation_command__struct.h
[11.783s] -- Installing: /home/deadsec/ros2_ws/src/robotics_development/autonomous_navigation/install/autonomous_navigation/include/autonomous_navigation/autonomous_navigation/msg/detail/navigation_command__description.c
[11.783s] -- Installing: /home/deadsec/ros2_ws/src/robotics_development/autonomous_navigation/install/autonomous_navigation/include/autonomous_navigation/autonomous_navigation/msg/detail/navigation_command__functions.c
[11.783s] -- Installing: /home/deadsec/ros2_ws/src/robotics_development/autonomous_navigation/install/autonomous_navigation/include/autonomous_navigation/autonomous_navigation/msg/detail/navigation_command__functions.h
[11.783s] -- Installing: /home/deadsec/ros2_ws/src/robotics_development/autonomous_navigation/install/autonomous_navigation/include/autonomous_navigation/autonomous_navigation/msg/navigation_command.h
[11.783s] -- Installing: /home/deadsec/ros2_ws/src/robotics_development/autonomous_navigation/install/autonomous_navigation/include/autonomous_navigation/autonomous_navigation/msg/rosidl_generator_c__visibility_control.h
[11.784s] -- Installing: /home/deadsec/ros2_ws/src/robotics_development/autonomous_navigation/install/autonomous_navigation/share/autonomous_navigation/environment/library_path.sh
[11.784s] -- Installing: /home/deadsec/ros2_ws/src/robotics_development/autonomous_navigation/install/autonomous_navigation/share/autonomous_navigation/environment/library_path.dsv
[11.784s] -- Installing: /home/deadsec/ros2_ws/src/robotics_development/autonomous_navigation/install/autonomous_navigation/lib/libautonomous_navigation__rosidl_generator_c.so
[11.784s] -- Set non-toolchain portion of runtime path of "/home/deadsec/ros2_ws/src/robotics_development/autonomous_navigation/install/autonomous_navigation/lib/libautonomous_navigation__rosidl_generator_c.so" to ""
[11.784s] -- Up-to-date: /home/deadsec/ros2_ws/src/robotics_development/autonomous_navigation/install/autonomous_navigation/include/autonomous_navigation/autonomous_navigation
[11.784s] -- Up-to-date: /home/deadsec/ros2_ws/src/robotics_development/autonomous_navigation/install/autonomous_navigation/include/autonomous_navigation/autonomous_navigation/msg
[11.784s] -- Up-to-date: /home/deadsec/ros2_ws/src/robotics_development/autonomous_navigation/install/autonomous_navigation/include/autonomous_navigation/autonomous_navigation/msg/detail
[11.784s] -- Installing: /home/deadsec/ros2_ws/src/robotics_development/autonomous_navigation/install/autonomous_navigation/include/autonomous_navigation/autonomous_navigation/msg/detail/navigation_command__rosidl_typesupport_fastrtps_c.h
[11.784s] -- Installing: /home/deadsec/ros2_ws/src/robotics_development/autonomous_navigation/install/autonomous_navigation/include/autonomous_navigation/autonomous_navigation/msg/rosidl_typesupport_fastrtps_c__visibility_control.h
[11.784s] -- Installing: /home/deadsec/ros2_ws/src/robotics_development/autonomous_navigation/install/autonomous_navigation/lib/libautonomous_navigation__rosidl_typesupport_fastrtps_c.so
[11.784s] -- Set non-toolchain portion of runtime path of "/home/deadsec/ros2_ws/src/robotics_development/autonomous_navigation/install/autonomous_navigation/lib/libautonomous_navigation__rosidl_typesupport_fastrtps_c.so" to ""
[11.784s] -- Up-to-date: /home/deadsec/ros2_ws/src/robotics_development/autonomous_navigation/install/autonomous_navigation/include/autonomous_navigation/autonomous_navigation
[11.785s] -- Up-to-date: /home/deadsec/ros2_ws/src/robotics_development/autonomous_navigation/install/autonomous_navigation/include/autonomous_navigation/autonomous_navigation/msg
[11.785s] -- Up-to-date: /home/deadsec/ros2_ws/src/robotics_development/autonomous_navigation/install/autonomous_navigation/include/autonomous_navigation/autonomous_navigation/msg/detail
[11.785s] -- Installing: /home/deadsec/ros2_ws/src/robotics_development/autonomous_navigation/install/autonomous_navigation/include/autonomous_navigation/autonomous_navigation/msg/detail/navigation_command__struct.hpp
[11.785s] -- Installing: /home/deadsec/ros2_ws/src/robotics_development/autonomous_navigation/install/autonomous_navigation/include/autonomous_navigation/autonomous_navigation/msg/detail/navigation_command__builder.hpp
[11.785s] -- Installing: /home/deadsec/ros2_ws/src/robotics_development/autonomous_navigation/install/autonomous_navigation/include/autonomous_navigation/autonomous_navigation/msg/detail/navigation_command__type_support.hpp
[11.785s] -- Installing: /home/deadsec/ros2_ws/src/robotics_development/autonomous_navigation/install/autonomous_navigation/include/autonomous_navigation/autonomous_navigation/msg/detail/navigation_command__traits.hpp
[11.785s] -- Installing: /home/deadsec/ros2_ws/src/robotics_development/autonomous_navigation/install/autonomous_navigation/include/autonomous_navigation/autonomous_navigation/msg/rosidl_generator_cpp__visibility_control.hpp
[11.785s] -- Installing: /home/deadsec/ros2_ws/src/robotics_development/autonomous_navigation/install/autonomous_navigation/include/autonomous_navigation/autonomous_navigation/msg/navigation_command.hpp
[11.785s] -- Up-to-date: /home/deadsec/ros2_ws/src/robotics_development/autonomous_navigation/install/autonomous_navigation/include/autonomous_navigation/autonomous_navigation
[11.785s] -- Up-to-date: /home/deadsec/ros2_ws/src/robotics_development/autonomous_navigation/install/autonomous_navigation/include/autonomous_navigation/autonomous_navigation/msg
[11.785s] -- Up-to-date: /home/deadsec/ros2_ws/src/robotics_development/autonomous_navigation/install/autonomous_navigation/include/autonomous_navigation/autonomous_navigation/msg/detail
[11.785s] -- Installing: /home/deadsec/ros2_ws/src/robotics_development/autonomous_navigation/install/autonomous_navigation/include/autonomous_navigation/autonomous_navigation/msg/detail/navigation_command__rosidl_typesupport_fastrtps_cpp.hpp
[11.786s] -- Installing: /home/deadsec/ros2_ws/src/robotics_development/autonomous_navigation/install/autonomous_navigation/include/autonomous_navigation/autonomous_navigation/msg/detail/dds_fastrtps
[11.786s] -- Installing: /home/deadsec/ros2_ws/src/robotics_development/autonomous_navigation/install/autonomous_navigation/include/autonomous_navigation/autonomous_navigation/msg/rosidl_typesupport_fastrtps_cpp__visibility_control.h
[11.786s] -- Installing: /home/deadsec/ros2_ws/src/robotics_development/autonomous_navigation/install/autonomous_navigation/lib/libautonomous_navigation__rosidl_typesupport_fastrtps_cpp.so
[11.786s] -- Set non-toolchain portion of runtime path of "/home/deadsec/ros2_ws/src/robotics_development/autonomous_navigation/install/autonomous_navigation/lib/libautonomous_navigation__rosidl_typesupport_fastrtps_cpp.so" to ""
[11.786s] -- Up-to-date: /home/deadsec/ros2_ws/src/robotics_development/autonomous_navigation/install/autonomous_navigation/include/autonomous_navigation/autonomous_navigation
[11.786s] -- Up-to-date: /home/deadsec/ros2_ws/src/robotics_development/autonomous_navigation/install/autonomous_navigation/include/autonomous_navigation/autonomous_navigation/msg
[11.786s] -- Up-to-date: /home/deadsec/ros2_ws/src/robotics_development/autonomous_navigation/install/autonomous_navigation/include/autonomous_navigation/autonomous_navigation/msg/detail
[11.786s] -- Installing: /home/deadsec/ros2_ws/src/robotics_development/autonomous_navigation/install/autonomous_navigation/include/autonomous_navigation/autonomous_navigation/msg/detail/navigation_command__type_support.c
[11.786s] -- Installing: /home/deadsec/ros2_ws/src/robotics_development/autonomous_navigation/install/autonomous_navigation/include/autonomous_navigation/autonomous_navigation/msg/detail/navigation_command__rosidl_typesupport_introspection_c.h
[11.786s] -- Installing: /home/deadsec/ros2_ws/src/robotics_development/autonomous_navigation/install/autonomous_navigation/include/autonomous_navigation/autonomous_navigation/msg/rosidl_typesupport_introspection_c__visibility_control.h
[11.786s] -- Installing: /home/deadsec/ros2_ws/src/robotics_development/autonomous_navigation/install/autonomous_navigation/lib/libautonomous_navigation__rosidl_typesupport_introspection_c.so
[11.786s] -- Set non-toolchain portion of runtime path of "/home/deadsec/ros2_ws/src/robotics_development/autonomous_navigation/install/autonomous_navigation/lib/libautonomous_navigation__rosidl_typesupport_introspection_c.so" to ""
[11.786s] -- Installing: /home/deadsec/ros2_ws/src/robotics_development/autonomous_navigation/install/autonomous_navigation/lib/libautonomous_navigation__rosidl_typesupport_c.so
[11.786s] -- Set non-toolchain portion of runtime path of "/home/deadsec/ros2_ws/src/robotics_development/autonomous_navigation/install/autonomous_navigation/lib/libautonomous_navigation__rosidl_typesupport_c.so" to ""
[11.786s] -- Up-to-date: /home/deadsec/ros2_ws/src/robotics_development/autonomous_navigation/install/autonomous_navigation/include/autonomous_navigation/autonomous_navigation
[11.787s] -- Up-to-date: /home/deadsec/ros2_ws/src/robotics_development/autonomous_navigation/install/autonomous_navigation/include/autonomous_navigation/autonomous_navigation/msg
[11.787s] -- Up-to-date: /home/deadsec/ros2_ws/src/robotics_development/autonomous_navigation/install/autonomous_navigation/include/autonomous_navigation/autonomous_navigation/msg/detail
[11.787s] -- Installing: /home/deadsec/ros2_ws/src/robotics_development/autonomous_navigation/install/autonomous_navigation/include/autonomous_navigation/autonomous_navigation/msg/detail/navigation_command__rosidl_typesupport_introspection_cpp.hpp
[11.787s] -- Installing: /home/deadsec/ros2_ws/src/robotics_development/autonomous_navigation/install/autonomous_navigation/include/autonomous_navigation/autonomous_navigation/msg/detail/navigation_command__type_support.cpp
[11.787s] -- Installing: /home/deadsec/ros2_ws/src/robotics_development/autonomous_navigation/install/autonomous_navigation/lib/libautonomous_navigation__rosidl_typesupport_introspection_cpp.so
[11.787s] -- Set non-toolchain portion of runtime path of "/home/deadsec/ros2_ws/src/robotics_development/autonomous_navigation/install/autonomous_navigation/lib/libautonomous_navigation__rosidl_typesupport_introspection_cpp.so" to ""
[11.787s] -- Installing: /home/deadsec/ros2_ws/src/robotics_development/autonomous_navigation/install/autonomous_navigation/lib/libautonomous_navigation__rosidl_typesupport_cpp.so
[11.787s] -- Set non-toolchain portion of runtime path of "/home/deadsec/ros2_ws/src/robotics_development/autonomous_navigation/install/autonomous_navigation/lib/libautonomous_navigation__rosidl_typesupport_cpp.so" to ""
[11.787s] -- Installing: /home/deadsec/ros2_ws/src/robotics_development/autonomous_navigation/install/autonomous_navigation/share/autonomous_navigation/environment/pythonpath.sh
[11.787s] -- Installing: /home/deadsec/ros2_ws/src/robotics_development/autonomous_navigation/install/autonomous_navigation/share/autonomous_navigation/environment/pythonpath.dsv
[11.787s] -- Installing: /home/deadsec/ros2_ws/src/robotics_development/autonomous_navigation/install/autonomous_navigation/lib/python3.12/site-packages/autonomous_navigation-0.0.0-py3.12.egg-info
[11.787s] -- Installing: /home/deadsec/ros2_ws/src/robotics_development/autonomous_navigation/install/autonomous_navigation/lib/python3.12/site-packages/autonomous_navigation-0.0.0-py3.12.egg-info/SOURCES.txt
[11.787s] -- Installing: /home/deadsec/ros2_ws/src/robotics_development/autonomous_navigation/install/autonomous_navigation/lib/python3.12/site-packages/autonomous_navigation-0.0.0-py3.12.egg-info/PKG-INFO
[11.787s] -- Installing: /home/deadsec/ros2_ws/src/robotics_development/autonomous_navigation/install/autonomous_navigation/lib/python3.12/site-packages/autonomous_navigation-0.0.0-py3.12.egg-info/dependency_links.txt
[11.787s] -- Installing: /home/deadsec/ros2_ws/src/robotics_development/autonomous_navigation/install/autonomous_navigation/lib/python3.12/site-packages/autonomous_navigation-0.0.0-py3.12.egg-info/top_level.txt
[11.787s] -- Installing: /home/deadsec/ros2_ws/src/robotics_development/autonomous_navigation/install/autonomous_navigation/lib/python3.12/site-packages/autonomous_navigation
[11.788s] -- Installing: /home/deadsec/ros2_ws/src/robotics_development/autonomous_navigation/install/autonomous_navigation/lib/python3.12/site-packages/autonomous_navigation/autonomous_navigation_s__rosidl_typesupport_c.so
[11.788s] -- Installing: /home/deadsec/ros2_ws/src/robotics_development/autonomous_navigation/install/autonomous_navigation/lib/python3.12/site-packages/autonomous_navigation/msg
[11.788s] -- Installing: /home/deadsec/ros2_ws/src/robotics_development/autonomous_navigation/install/autonomous_navigation/lib/python3.12/site-packages/autonomous_navigation/msg/_navigation_command.py
[11.788s] -- Installing: /home/deadsec/ros2_ws/src/robotics_development/autonomous_navigation/install/autonomous_navigation/lib/python3.12/site-packages/autonomous_navigation/msg/_navigation_command_s.c
[11.788s] -- Installing: /home/deadsec/ros2_ws/src/robotics_development/autonomous_navigation/install/autonomous_navigation/lib/python3.12/site-packages/autonomous_navigation/msg/__init__.py
[11.788s] -- Installing: /home/deadsec/ros2_ws/src/robotics_development/autonomous_navigation/install/autonomous_navigation/lib/python3.12/site-packages/autonomous_navigation/_autonomous_navigation_s.ep.rosidl_typesupport_c.c
[11.788s] -- Installing: /home/deadsec/ros2_ws/src/robotics_development/autonomous_navigation/install/autonomous_navigation/lib/python3.12/site-packages/autonomous_navigation/_autonomous_navigation_s.ep.rosidl_typesupport_introspection_c.c
[11.788s] -- Installing: /home/deadsec/ros2_ws/src/robotics_development/autonomous_navigation/install/autonomous_navigation/lib/python3.12/site-packages/autonomous_navigation/_autonomous_navigation_s.ep.rosidl_typesupport_fastrtps_c.c
[11.788s] -- Installing: /home/deadsec/ros2_ws/src/robotics_development/autonomous_navigation/install/autonomous_navigation/lib/python3.12/site-packages/autonomous_navigation/autonomous_navigation_s__rosidl_typesupport_introspection_c.so
[11.788s] -- Installing: /home/deadsec/ros2_ws/src/robotics_development/autonomous_navigation/install/autonomous_navigation/lib/python3.12/site-packages/autonomous_navigation/autonomous_navigation_s__rosidl_typesupport_fastrtps_c.so
[11.788s] -- Installing: /home/deadsec/ros2_ws/src/robotics_development/autonomous_navigation/install/autonomous_navigation/lib/python3.12/site-packages/autonomous_navigation/__init__.py
[11.808s] Listing '/home/deadsec/ros2_ws/src/robotics_development/autonomous_navigation/install/autonomous_navigation/lib/python3.12/site-packages/autonomous_navigation'...
[11.808s] Compiling '/home/deadsec/ros2_ws/src/robotics_development/autonomous_navigation/install/autonomous_navigation/lib/python3.12/site-packages/autonomous_navigation/__init__.py'...
[11.808s] Listing '/home/deadsec/ros2_ws/src/robotics_development/autonomous_navigation/install/autonomous_navigation/lib/python3.12/site-packages/autonomous_navigation/msg'...
[11.808s] Compiling '/home/deadsec/ros2_ws/src/robotics_development/autonomous_navigation/install/autonomous_navigation/lib/python3.12/site-packages/autonomous_navigation/msg/__init__.py'...
[11.808s] Compiling '/home/deadsec/ros2_ws/src/robotics_development/autonomous_navigation/install/autonomous_navigation/lib/python3.12/site-packages/autonomous_navigation/msg/_navigation_command.py'...
[11.811s] -- Installing: /home/deadsec/ros2_ws/src/robotics_development/autonomous_navigation/install/autonomous_navigation/lib/python3.12/site-packages/autonomous_navigation/autonomous_navigation_s__rosidl_typesupport_fastrtps_c.so
[11.811s] -- Set non-toolchain portion of runtime path of "/home/deadsec/ros2_ws/src/robotics_development/autonomous_navigation/install/autonomous_navigation/lib/python3.12/site-packages/autonomous_navigation/autonomous_navigation_s__rosidl_typesupport_fastrtps_c.so" to ""
[11.811s] -- Installing: /home/deadsec/ros2_ws/src/robotics_development/autonomous_navigation/install/autonomous_navigation/lib/python3.12/site-packages/autonomous_navigation/autonomous_navigation_s__rosidl_typesupport_introspection_c.so
[11.812s] -- Set non-toolchain portion of runtime path of "/home/deadsec/ros2_ws/src/robotics_development/autonomous_navigation/install/autonomous_navigation/lib/python3.12/site-packages/autonomous_navigation/autonomous_navigation_s__rosidl_typesupport_introspection_c.so" to ""
[11.812s] -- Installing: /home/deadsec/ros2_ws/src/robotics_development/autonomous_navigation/install/autonomous_navigation/lib/python3.12/site-packages/autonomous_navigation/autonomous_navigation_s__rosidl_typesupport_c.so
[11.812s] -- Set non-toolchain portion of runtime path of "/home/deadsec/ros2_ws/src/robotics_development/autonomous_navigation/install/autonomous_navigation/lib/python3.12/site-packages/autonomous_navigation/autonomous_navigation_s__rosidl_typesupport_c.so" to ""
[11.812s] -- Installing: /home/deadsec/ros2_ws/src/robotics_development/autonomous_navigation/install/autonomous_navigation/lib/libautonomous_navigation__rosidl_generator_py.so
[11.812s] -- Set non-toolchain portion of runtime path of "/home/deadsec/ros2_ws/src/robotics_development/autonomous_navigation/install/autonomous_navigation/lib/libautonomous_navigation__rosidl_generator_py.so" to ""
[11.812s] -- Installing: /home/deadsec/ros2_ws/src/robotics_development/autonomous_navigation/install/autonomous_navigation/share/ament_index/resource_index/rust_packages/autonomous_navigation
[11.812s] -- Installing: /home/deadsec/ros2_ws/src/robotics_development/autonomous_navigation/install/autonomous_navigation/share/autonomous_navigation/rust
[11.812s] -- Installing: /home/deadsec/ros2_ws/src/robotics_development/autonomous_navigation/install/autonomous_navigation/share/autonomous_navigation/rust/src
[11.812s] -- Installing: /home/deadsec/ros2_ws/src/robotics_development/autonomous_navigation/install/autonomous_navigation/share/autonomous_navigation/rust/src/msg
[11.812s] -- Installing: /home/deadsec/ros2_ws/src/robotics_development/autonomous_navigation/install/autonomous_navigation/share/autonomous_navigation/rust/src/msg/rmw.rs
[11.812s] -- Installing: /home/deadsec/ros2_ws/src/robotics_development/autonomous_navigation/install/autonomous_navigation/share/autonomous_navigation/rust/src/lib.rs
[11.812s] -- Installing: /home/deadsec/ros2_ws/src/robotics_development/autonomous_navigation/install/autonomous_navigation/share/autonomous_navigation/rust/src/msg.rs
[11.812s] -- Installing: /home/deadsec/ros2_ws/src/robotics_development/autonomous_navigation/install/autonomous_navigation/share/autonomous_navigation/rust/Cargo.toml
[11.812s] -- Installing: /home/deadsec/ros2_ws/src/robotics_development/autonomous_navigation/install/autonomous_navigation/share/autonomous_navigation/rust/build.rs
[11.812s] -- Installing: /home/deadsec/ros2_ws/src/robotics_development/autonomous_navigation/install/autonomous_navigation/share/autonomous_navigation/msg/NavigationCommand.idl
[11.813s] -- Installing: /home/deadsec/ros2_ws/src/robotics_development/autonomous_navigation/install/autonomous_navigation/share/autonomous_navigation/msg/NavigationCommand.msg
[11.813s] -- Installing: /home/deadsec/ros2_ws/src/robotics_development/autonomous_navigation/install/autonomous_navigation/lib/autonomous_navigation/simple_velocity_smoother
[11.814s] -- Set non-toolchain portion of runtime path of "/home/deadsec/ros2_ws/src/robotics_development/autonomous_navigation/install/autonomous_navigation/lib/autonomous_navigation/simple_velocity_smoother" to ""
[11.814s] -- Installing: /home/deadsec/ros2_ws/src/robotics_development/autonomous_navigation/install/autonomous_navigation/share/autonomous_navigation/launch
[11.814s] -- Installing: /home/deadsec/ros2_ws/src/robotics_development/autonomous_navigation/install/autonomous_navigation/share/autonomous_navigation/launch/warehouse_env.launch.py
[11.814s] -- Installing: /home/deadsec/ros2_ws/src/robotics_development/autonomous_navigation/install/autonomous_navigation/share/autonomous_navigation/launch/office_env.launch.py
[11.815s] -- Installing: /home/deadsec/ros2_ws/src/robotics_development/autonomous_navigation/install/autonomous_navigation/share/autonomous_navigation/launch/auto_slam.launch.py
[11.815s] -- Installing: /home/deadsec/ros2_ws/src/robotics_development/autonomous_navigation/install/autonomous_navigation/share/autonomous_navigation/worlds
[11.815s] -- Installing: /home/deadsec/ros2_ws/src/robotics_development/autonomous_navigation/install/autonomous_navigation/share/autonomous_navigation/worlds/office.world
[11.815s] -- Installing: /home/deadsec/ros2_ws/src/robotics_development/autonomous_navigation/install/autonomous_navigation/share/autonomous_navigation/worlds/warehouse.world
[11.815s] -- Installing: /home/deadsec/ros2_ws/src/robotics_development/autonomous_navigation/install/autonomous_navigation/share/autonomous_navigation/models
[11.815s] -- Installing: /home/deadsec/ros2_ws/src/robotics_development/autonomous_navigation/install/autonomous_navigation/share/autonomous_navigation/models/turtlebot3_common
[11.815s] -- Installing: /home/deadsec/ros2_ws/src/robotics_development/autonomous_navigation/install/autonomous_navigation/share/autonomous_navigation/models/turtlebot3_common/meshes
[11.815s] -- Installing: /home/deadsec/ros2_ws/src/robotics_development/autonomous_navigation/install/autonomous_navigation/share/autonomous_navigation/models/turtlebot3_common/meshes/r200.dae
[11.815s] -- Installing: /home/deadsec/ros2_ws/src/robotics_development/autonomous_navigation/install/autonomous_navigation/share/autonomous_navigation/models/turtlebot3_common/meshes/sensors
[11.815s] -- Installing: /home/deadsec/ros2_ws/src/robotics_development/autonomous_navigation/install/autonomous_navigation/share/autonomous_navigation/models/turtlebot3_common/meshes/sensors/lds.stl
[11.815s] -- Installing: /home/deadsec/ros2_ws/src/robotics_development/autonomous_navigation/install/autonomous_navigation/share/autonomous_navigation/models/turtlebot3_common/meshes/sensors/r200.dae
[11.815s] -- Installing: /home/deadsec/ros2_ws/src/robotics_development/autonomous_navigation/install/autonomous_navigation/share/autonomous_navigation/models/turtlebot3_common/meshes/sensors/astra.dae
[11.815s] -- Installing: /home/deadsec/ros2_ws/src/robotics_development/autonomous_navigation/install/autonomous_navigation/share/autonomous_navigation/models/turtlebot3_common/meshes/sensors/astra.jpg
[11.815s] -- Installing: /home/deadsec/ros2_ws/src/robotics_development/autonomous_navigation/install/autonomous_navigation/share/autonomous_navigation/models/turtlebot3_common/meshes/sensors/r200.jpg
[11.815s] -- Installing: /home/deadsec/ros2_ws/src/robotics_development/autonomous_navigation/install/autonomous_navigation/share/autonomous_navigation/models/turtlebot3_common/meshes/wheels
[11.815s] -- Installing: /home/deadsec/ros2_ws/src/robotics_development/autonomous_navigation/install/autonomous_navigation/share/autonomous_navigation/models/turtlebot3_common/meshes/wheels/right_tire.stl
[11.815s] -- Installing: /home/deadsec/ros2_ws/src/robotics_development/autonomous_navigation/install/autonomous_navigation/share/autonomous_navigation/models/turtlebot3_common/meshes/wheels/left_tire.stl
[11.815s] -- Installing: /home/deadsec/ros2_ws/src/robotics_development/autonomous_navigation/install/autonomous_navigation/share/autonomous_navigation/models/turtlebot3_common/meshes/waffle_pi_base.dae
[11.815s] -- Installing: /home/deadsec/ros2_ws/src/robotics_development/autonomous_navigation/install/autonomous_navigation/share/autonomous_navigation/models/turtlebot3_common/meshes/waffle_base.dae
[11.815s] -- Installing: /home/deadsec/ros2_ws/src/robotics_development/autonomous_navigation/install/autonomous_navigation/share/autonomous_navigation/models/turtlebot3_common/meshes/bases
[11.815s] -- Installing: /home/deadsec/ros2_ws/src/robotics_development/autonomous_navigation/install/autonomous_navigation/share/autonomous_navigation/models/turtlebot3_common/meshes/bases/burger_base.stl
[11.815s] -- Installing: /home/deadsec/ros2_ws/src/robotics_development/autonomous_navigation/install/autonomous_navigation/share/autonomous_navigation/models/turtlebot3_common/meshes/bases/waffle_pi_base.stl
[11.815s] -- Installing: /home/deadsec/ros2_ws/src/robotics_development/autonomous_navigation/install/autonomous_navigation/share/autonomous_navigation/models/turtlebot3_common/meshes/bases/waffle_base.stl
[11.815s] -- Installing: /home/deadsec/ros2_ws/src/robotics_development/autonomous_navigation/install/autonomous_navigation/share/autonomous_navigation/models/turtlebot3_common/meshes/burger_base.dae
[11.815s] -- Installing: /home/deadsec/ros2_ws/src/robotics_development/autonomous_navigation/install/autonomous_navigation/share/autonomous_navigation/models/turtlebot3_common/meshes/tire.dae
[11.815s] -- Installing: /home/deadsec/ros2_ws/src/robotics_development/autonomous_navigation/install/autonomous_navigation/share/autonomous_navigation/models/turtlebot3_common/meshes/lds.dae
[11.815s] -- Installing: /home/deadsec/ros2_ws/src/robotics_development/autonomous_navigation/install/autonomous_navigation/share/autonomous_navigation/models/turtlebot3_common/model.config
[11.815s] -- Installing: /home/deadsec/ros2_ws/src/robotics_development/autonomous_navigation/install/autonomous_navigation/share/autonomous_navigation/models/turtlebot3_house
[11.815s] -- Installing: /home/deadsec/ros2_ws/src/robotics_development/autonomous_navigation/install/autonomous_navigation/share/autonomous_navigation/models/turtlebot3_house/textures
[11.815s] -- Installing: /home/deadsec/ros2_ws/src/robotics_development/autonomous_navigation/install/autonomous_navigation/share/autonomous_navigation/models/turtlebot3_house/textures/wood.png
[11.815s] -- Installing: /home/deadsec/ros2_ws/src/robotics_development/autonomous_navigation/install/autonomous_navigation/share/autonomous_navigation/models/turtlebot3_house/textures/bricks.png
[11.816s] -- Installing: /home/deadsec/ros2_ws/src/robotics_development/autonomous_navigation/install/autonomous_navigation/share/autonomous_navigation/models/turtlebot3_house/first_2015_trash_can
[11.816s] -- Installing: /home/deadsec/ros2_ws/src/robotics_development/autonomous_navigation/install/autonomous_navigation/share/autonomous_navigation/models/turtlebot3_house/first_2015_trash_can/meshes
[11.816s] -- Installing: /home/deadsec/ros2_ws/src/robotics_development/autonomous_navigation/install/autonomous_navigation/share/autonomous_navigation/models/turtlebot3_house/first_2015_trash_can/meshes/trash_can.dae
[11.816s] -- Installing: /home/deadsec/ros2_ws/src/robotics_development/autonomous_navigation/install/autonomous_navigation/share/autonomous_navigation/models/turtlebot3_house/first_2015_trash_can/model.config
[11.816s] -- Installing: /home/deadsec/ros2_ws/src/robotics_development/autonomous_navigation/install/autonomous_navigation/share/autonomous_navigation/models/turtlebot3_house/first_2015_trash_can/model.sdf
[11.816s] -- Installing: /home/deadsec/ros2_ws/src/robotics_development/autonomous_navigation/install/autonomous_navigation/share/autonomous_navigation/models/turtlebot3_house/model.config
[11.816s] -- Installing: /home/deadsec/ros2_ws/src/robotics_development/autonomous_navigation/install/autonomous_navigation/share/autonomous_navigation/models/turtlebot3_house/model.sdf
[11.816s] -- Installing: /home/deadsec/ros2_ws/src/robotics_development/autonomous_navigation/install/autonomous_navigation/share/autonomous_navigation/models/turtlebot3_house/mailbox
[11.816s] -- Installing: /home/deadsec/ros2_ws/src/robotics_development/autonomous_navigation/install/autonomous_navigation/share/autonomous_navigation/models/turtlebot3_house/mailbox/meshes
[11.816s] -- Installing: /home/deadsec/ros2_ws/src/robotics_development/autonomous_navigation/install/autonomous_navigation/share/autonomous_navigation/models/turtlebot3_house/mailbox/meshes/mailbox.dae
[11.816s] -- Installing: /home/deadsec/ros2_ws/src/robotics_development/autonomous_navigation/install/autonomous_navigation/share/autonomous_navigation/models/turtlebot3_house/mailbox/model.config
[11.816s] -- Installing: /home/deadsec/ros2_ws/src/robotics_development/autonomous_navigation/install/autonomous_navigation/share/autonomous_navigation/models/turtlebot3_house/mailbox/model.sdf
[11.816s] -- Installing: /home/deadsec/ros2_ws/src/robotics_development/autonomous_navigation/install/autonomous_navigation/share/autonomous_navigation/models/turtlebot3_house/mailbox/model-1_3.sdf
[11.816s] -- Installing: /home/deadsec/ros2_ws/src/robotics_development/autonomous_navigation/install/autonomous_navigation/share/autonomous_navigation/models/turtlebot3_house/mailbox/materials
[11.816s] -- Installing: /home/deadsec/ros2_ws/src/robotics_development/autonomous_navigation/install/autonomous_navigation/share/autonomous_navigation/models/turtlebot3_house/mailbox/materials/textures
[11.816s] -- Installing: /home/deadsec/ros2_ws/src/robotics_development/autonomous_navigation/install/autonomous_navigation/share/autonomous_navigation/models/turtlebot3_house/mailbox/materials/textures/Mailbox_Diffuse.tga.orig
[11.816s] -- Installing: /home/deadsec/ros2_ws/src/robotics_development/autonomous_navigation/install/autonomous_navigation/share/autonomous_navigation/models/turtlebot3_house/mailbox/materials/textures/Mailbox_Spec.png
[11.816s] -- Installing: /home/deadsec/ros2_ws/src/robotics_development/autonomous_navigation/install/autonomous_navigation/share/autonomous_navigation/models/turtlebot3_house/mailbox/materials/textures/Mailbox_Diffuse.png
[11.816s] -- Installing: /home/deadsec/ros2_ws/src/robotics_development/autonomous_navigation/install/autonomous_navigation/share/autonomous_navigation/models/turtlebot3_house/mailbox/materials/scripts
[11.816s] -- Installing: /home/deadsec/ros2_ws/src/robotics_development/autonomous_navigation/install/autonomous_navigation/share/autonomous_navigation/models/turtlebot3_house/mailbox/materials/scripts/mailbox.material
[11.816s] -- Installing: /home/deadsec/ros2_ws/src/robotics_development/autonomous_navigation/install/autonomous_navigation/share/autonomous_navigation/models/turtlebot3_house/mailbox/model-1_4.sdf
[11.816s] -- Installing: /home/deadsec/ros2_ws/src/robotics_development/autonomous_navigation/install/autonomous_navigation/share/autonomous_navigation/models/turtlebot3_house/table_marble
[11.816s] -- Installing: /home/deadsec/ros2_ws/src/robotics_development/autonomous_navigation/install/autonomous_navigation/share/autonomous_navigation/models/turtlebot3_house/table_marble/meshes
[11.816s] -- Installing: /home/deadsec/ros2_ws/src/robotics_development/autonomous_navigation/install/autonomous_navigation/share/autonomous_navigation/models/turtlebot3_house/table_marble/meshes/table_lightmap.dae
[11.816s] -- Installing: /home/deadsec/ros2_ws/src/robotics_development/autonomous_navigation/install/autonomous_navigation/share/autonomous_navigation/models/turtlebot3_house/table_marble/model.config
[11.816s] -- Installing: /home/deadsec/ros2_ws/src/robotics_development/autonomous_navigation/install/autonomous_navigation/share/autonomous_navigation/models/turtlebot3_house/table_marble/model.sdf
[11.816s] -- Installing: /home/deadsec/ros2_ws/src/robotics_development/autonomous_navigation/install/autonomous_navigation/share/autonomous_navigation/models/turtlebot3_house/table_marble/materials
[11.816s] -- Installing: /home/deadsec/ros2_ws/src/robotics_development/autonomous_navigation/install/autonomous_navigation/share/autonomous_navigation/models/turtlebot3_house/table_marble/materials/textures
[11.816s] -- Installing: /home/deadsec/ros2_ws/src/robotics_development/autonomous_navigation/install/autonomous_navigation/share/autonomous_navigation/models/turtlebot3_house/table_marble/materials/textures/marble.png
[11.816s] -- Installing: /home/deadsec/ros2_ws/src/robotics_development/autonomous_navigation/install/autonomous_navigation/share/autonomous_navigation/models/turtlebot3_house/table_marble/materials/textures/table_lightmap.png
[11.816s] -- Installing: /home/deadsec/ros2_ws/src/robotics_development/autonomous_navigation/install/autonomous_navigation/share/autonomous_navigation/models/turtlebot3_house/table_marble/materials/scripts
[11.816s] -- Installing: /home/deadsec/ros2_ws/src/robotics_development/autonomous_navigation/install/autonomous_navigation/share/autonomous_navigation/models/turtlebot3_house/table_marble/materials/scripts/table_lightmap.material
[11.816s] -- Installing: /home/deadsec/ros2_ws/src/robotics_development/autonomous_navigation/install/autonomous_navigation/share/autonomous_navigation/models/turtlebot3_house/table_marble/model-1_4.sdf
[11.816s] -- Installing: /home/deadsec/ros2_ws/src/robotics_development/autonomous_navigation/install/autonomous_navigation/share/autonomous_navigation/models/turtlebot3_house/cafe_table
[11.817s] -- Installing: /home/deadsec/ros2_ws/src/robotics_development/autonomous_navigation/install/autonomous_navigation/share/autonomous_navigation/models/turtlebot3_house/cafe_table/meshes
[11.817s] -- Installing: /home/deadsec/ros2_ws/src/robotics_development/autonomous_navigation/install/autonomous_navigation/share/autonomous_navigation/models/turtlebot3_house/cafe_table/meshes/cafe_table.dae
[11.817s] -- Installing: /home/deadsec/ros2_ws/src/robotics_development/autonomous_navigation/install/autonomous_navigation/share/autonomous_navigation/models/turtlebot3_house/cafe_table/model.config
[11.817s] -- Installing: /home/deadsec/ros2_ws/src/robotics_development/autonomous_navigation/install/autonomous_navigation/share/autonomous_navigation/models/turtlebot3_house/cafe_table/model.sdf
[11.817s] -- Installing: /home/deadsec/ros2_ws/src/robotics_development/autonomous_navigation/install/autonomous_navigation/share/autonomous_navigation/models/turtlebot3_house/cafe_table/materials
[11.817s] -- Installing: /home/deadsec/ros2_ws/src/robotics_development/autonomous_navigation/install/autonomous_navigation/share/autonomous_navigation/models/turtlebot3_house/cafe_table/materials/textures
[11.817s] -- Installing: /home/deadsec/ros2_ws/src/robotics_development/autonomous_navigation/install/autonomous_navigation/share/autonomous_navigation/models/turtlebot3_house/cafe_table/materials/textures/Maple.jpg
[11.817s] -- Installing: /home/deadsec/ros2_ws/src/robotics_development/autonomous_navigation/install/autonomous_navigation/share/autonomous_navigation/models/turtlebot3_house/cafe_table/materials/textures/Wood_Floor_Dark.jpg
[11.817s] -- Installing: /home/deadsec/ros2_ws/src/robotics_development/autonomous_navigation/install/autonomous_navigation/share/autonomous_navigation/models/turtlebot3_house/cafe_table/model-1_4.sdf
[11.817s] -- Installing: /home/deadsec/ros2_ws/src/robotics_development/autonomous_navigation/install/autonomous_navigation/share/autonomous_navigation/models/aws_robomaker_warehouse_PalletJackB_01
[11.817s] -- Installing: /home/deadsec/ros2_ws/src/robotics_development/autonomous_navigation/install/autonomous_navigation/share/autonomous_navigation/models/aws_robomaker_warehouse_PalletJackB_01/meshes
[11.817s] -- Installing: /home/deadsec/ros2_ws/src/robotics_development/autonomous_navigation/install/autonomous_navigation/share/autonomous_navigation/models/aws_robomaker_warehouse_PalletJackB_01/meshes/aws_robomaker_warehouse_PalletJackB_01_visual.DAE
[11.817s] -- Installing: /home/deadsec/ros2_ws/src/robotics_development/autonomous_navigation/install/autonomous_navigation/share/autonomous_navigation/models/aws_robomaker_warehouse_PalletJackB_01/meshes/aws_robomaker_warehouse_PalletJackB_01_collision.DAE
[11.817s] -- Installing: /home/deadsec/ros2_ws/src/robotics_development/autonomous_navigation/install/autonomous_navigation/share/autonomous_navigation/models/aws_robomaker_warehouse_PalletJackB_01/model.config
[11.817s] -- Installing: /home/deadsec/ros2_ws/src/robotics_development/autonomous_navigation/install/autonomous_navigation/share/autonomous_navigation/models/aws_robomaker_warehouse_PalletJackB_01/model.sdf
[11.817s] -- Installing: /home/deadsec/ros2_ws/src/robotics_development/autonomous_navigation/install/autonomous_navigation/share/autonomous_navigation/models/aws_robomaker_warehouse_PalletJackB_01/materials
[11.817s] -- Installing: /home/deadsec/ros2_ws/src/robotics_development/autonomous_navigation/install/autonomous_navigation/share/autonomous_navigation/models/aws_robomaker_warehouse_PalletJackB_01/materials/textures
[11.817s] -- Installing: /home/deadsec/ros2_ws/src/robotics_development/autonomous_navigation/install/autonomous_navigation/share/autonomous_navigation/models/aws_robomaker_warehouse_PalletJackB_01/materials/textures/aws_robomaker_warehouse_PalletJackB_02.png
[11.817s] -- Installing: /home/deadsec/ros2_ws/src/robotics_development/autonomous_navigation/install/autonomous_navigation/share/autonomous_navigation/models/aws_robomaker_warehouse_PalletJackB_01/materials/textures/aws_robomaker_warehouse_PalletJackB_01.png
[11.817s] -- Installing: /home/deadsec/ros2_ws/src/robotics_development/autonomous_navigation/install/autonomous_navigation/share/autonomous_navigation/models/aws_robomaker_warehouse_PalletJackB_01/materials/.DS_Store
[11.817s] -- Installing: /home/deadsec/ros2_ws/src/robotics_development/autonomous_navigation/install/autonomous_navigation/share/autonomous_navigation/models/aws_robomaker_warehouse_PalletJackB_01/.DS_Store
[11.817s] -- Installing: /home/deadsec/ros2_ws/src/robotics_development/autonomous_navigation/install/autonomous_navigation/share/autonomous_navigation/models/aws_robomaker_warehouse_RoofB_01
[11.817s] -- Installing: /home/deadsec/ros2_ws/src/robotics_development/autonomous_navigation/install/autonomous_navigation/share/autonomous_navigation/models/aws_robomaker_warehouse_RoofB_01/meshes
[11.817s] -- Installing: /home/deadsec/ros2_ws/src/robotics_development/autonomous_navigation/install/autonomous_navigation/share/autonomous_navigation/models/aws_robomaker_warehouse_RoofB_01/meshes/aws_robomaker_warehouse_RoofB_01_collision.DAE
[11.817s] -- Installing: /home/deadsec/ros2_ws/src/robotics_development/autonomous_navigation/install/autonomous_navigation/share/autonomous_navigation/models/aws_robomaker_warehouse_RoofB_01/meshes/aws_robomaker_warehouse_RoofB_01_visual.DAE
[11.817s] -- Installing: /home/deadsec/ros2_ws/src/robotics_development/autonomous_navigation/install/autonomous_navigation/share/autonomous_navigation/models/aws_robomaker_warehouse_RoofB_01/model.config
[11.817s] -- Installing: /home/deadsec/ros2_ws/src/robotics_development/autonomous_navigation/install/autonomous_navigation/share/autonomous_navigation/models/aws_robomaker_warehouse_RoofB_01/model.sdf
[11.817s] -- Installing: /home/deadsec/ros2_ws/src/robotics_development/autonomous_navigation/install/autonomous_navigation/share/autonomous_navigation/models/aws_robomaker_warehouse_RoofB_01/materials
[11.817s] -- Installing: /home/deadsec/ros2_ws/src/robotics_development/autonomous_navigation/install/autonomous_navigation/share/autonomous_navigation/models/aws_robomaker_warehouse_RoofB_01/materials/textures
[11.817s] -- Installing: /home/deadsec/ros2_ws/src/robotics_development/autonomous_navigation/install/autonomous_navigation/share/autonomous_navigation/models/aws_robomaker_warehouse_RoofB_01/materials/textures/aws_robomaker_warehouse_RoofB_01.png
[11.817s] -- Installing: /home/deadsec/ros2_ws/src/robotics_development/autonomous_navigation/install/autonomous_navigation/share/autonomous_navigation/models/aws_robomaker_warehouse_WallB_01
[11.817s] -- Installing: /home/deadsec/ros2_ws/src/robotics_development/autonomous_navigation/install/autonomous_navigation/share/autonomous_navigation/models/aws_robomaker_warehouse_WallB_01/meshes
[11.817s] -- Installing: /home/deadsec/ros2_ws/src/robotics_development/autonomous_navigation/install/autonomous_navigation/share/autonomous_navigation/models/aws_robomaker_warehouse_WallB_01/meshes/aws_robomaker_warehouse_WallB_01_visual.DAE
[11.818s] -- Installing: /home/deadsec/ros2_ws/src/robotics_development/autonomous_navigation/install/autonomous_navigation/share/autonomous_navigation/models/aws_robomaker_warehouse_WallB_01/meshes/aws_robomaker_warehouse_WallB_01_collision.DAE
[11.818s] -- Installing: /home/deadsec/ros2_ws/src/robotics_development/autonomous_navigation/install/autonomous_navigation/share/autonomous_navigation/models/aws_robomaker_warehouse_WallB_01/model.config
[11.818s] -- Installing: /home/deadsec/ros2_ws/src/robotics_development/autonomous_navigation/install/autonomous_navigation/share/autonomous_navigation/models/aws_robomaker_warehouse_WallB_01/model.sdf
[11.818s] -- Installing: /home/deadsec/ros2_ws/src/robotics_development/autonomous_navigation/install/autonomous_navigation/share/autonomous_navigation/models/aws_robomaker_warehouse_WallB_01/materials
[11.818s] -- Installing: /home/deadsec/ros2_ws/src/robotics_development/autonomous_navigation/install/autonomous_navigation/share/autonomous_navigation/models/aws_robomaker_warehouse_WallB_01/materials/textures
[11.818s] -- Installing: /home/deadsec/ros2_ws/src/robotics_development/autonomous_navigation/install/autonomous_navigation/share/autonomous_navigation/models/aws_robomaker_warehouse_WallB_01/materials/textures/aws_robomaker_warehouse_WallB_01.png
[11.818s] -- Installing: /home/deadsec/ros2_ws/src/robotics_development/autonomous_navigation/install/autonomous_navigation/share/autonomous_navigation/models/turtlebot3_burger_cam
[11.818s] -- Installing: /home/deadsec/ros2_ws/src/robotics_development/autonomous_navigation/install/autonomous_navigation/share/autonomous_navigation/models/turtlebot3_burger_cam/model.config
[11.818s] -- Installing: /home/deadsec/ros2_ws/src/robotics_development/autonomous_navigation/install/autonomous_navigation/share/autonomous_navigation/models/turtlebot3_burger_cam/model.sdf
[11.818s] -- Installing: /home/deadsec/ros2_ws/src/robotics_development/autonomous_navigation/install/autonomous_navigation/share/autonomous_navigation/models/turtlebot3_burger_cam/model-1_4.sdf
[11.818s] -- Installing: /home/deadsec/ros2_ws/src/robotics_development/autonomous_navigation/install/autonomous_navigation/share/autonomous_navigation/models/aws_robomaker_warehouse_ShelfF_01
[11.818s] -- Installing: /home/deadsec/ros2_ws/src/robotics_development/autonomous_navigation/install/autonomous_navigation/share/autonomous_navigation/models/aws_robomaker_warehouse_ShelfF_01/meshes
[11.818s] -- Installing: /home/deadsec/ros2_ws/src/robotics_development/autonomous_navigation/install/autonomous_navigation/share/autonomous_navigation/models/aws_robomaker_warehouse_ShelfF_01/meshes/aws_robomaker_warehouse_ShelfF_01_visual.DAE
[11.818s] -- Installing: /home/deadsec/ros2_ws/src/robotics_development/autonomous_navigation/install/autonomous_navigation/share/autonomous_navigation/models/aws_robomaker_warehouse_ShelfF_01/meshes/aws_robomaker_warehouse_ShelfF_01_collision.DAE
[11.818s] -- Installing: /home/deadsec/ros2_ws/src/robotics_development/autonomous_navigation/install/autonomous_navigation/share/autonomous_navigation/models/aws_robomaker_warehouse_ShelfF_01/model.config
[11.818s] -- Installing: /home/deadsec/ros2_ws/src/robotics_development/autonomous_navigation/install/autonomous_navigation/share/autonomous_navigation/models/aws_robomaker_warehouse_ShelfF_01/model.sdf
[11.818s] -- Installing: /home/deadsec/ros2_ws/src/robotics_development/autonomous_navigation/install/autonomous_navigation/share/autonomous_navigation/models/aws_robomaker_warehouse_ShelfF_01/materials
[11.818s] -- Installing: /home/deadsec/ros2_ws/src/robotics_development/autonomous_navigation/install/autonomous_navigation/share/autonomous_navigation/models/aws_robomaker_warehouse_ShelfF_01/materials/textures
[11.818s] -- Installing: /home/deadsec/ros2_ws/src/robotics_development/autonomous_navigation/install/autonomous_navigation/share/autonomous_navigation/models/aws_robomaker_warehouse_ShelfF_01/materials/textures/aws_robomaker_warehouse_ShelfF_01.png
[11.818s] -- Installing: /home/deadsec/ros2_ws/src/robotics_development/autonomous_navigation/install/autonomous_navigation/share/autonomous_navigation/models/aws_robomaker_warehouse_ShelfF_01/materials/textures/aws_robomaker_warehouse_ShelfF_03.png
[11.819s] -- Installing: /home/deadsec/ros2_ws/src/robotics_development/autonomous_navigation/install/autonomous_navigation/share/autonomous_navigation/models/aws_robomaker_warehouse_ShelfF_01/materials/textures/aws_robomaker_warehouse_ShelfF_02.png
[11.819s] -- Installing: /home/deadsec/ros2_ws/src/robotics_development/autonomous_navigation/install/autonomous_navigation/share/autonomous_navigation/models/aws_robomaker_warehouse_DeskC_01
[11.819s] -- Installing: /home/deadsec/ros2_ws/src/robotics_development/autonomous_navigation/install/autonomous_navigation/share/autonomous_navigation/models/aws_robomaker_warehouse_DeskC_01/meshes
[11.819s] -- Installing: /home/deadsec/ros2_ws/src/robotics_development/autonomous_navigation/install/autonomous_navigation/share/autonomous_navigation/models/aws_robomaker_warehouse_DeskC_01/meshes/aws_robomaker_warehouse_DeskC_01_visual.DAE
[11.819s] -- Installing: /home/deadsec/ros2_ws/src/robotics_development/autonomous_navigation/install/autonomous_navigation/share/autonomous_navigation/models/aws_robomaker_warehouse_DeskC_01/meshes/aws_robomaker_warehouse_DeskC_01_collision.DAE
[11.819s] -- Installing: /home/deadsec/ros2_ws/src/robotics_development/autonomous_navigation/install/autonomous_navigation/share/autonomous_navigation/models/aws_robomaker_warehouse_DeskC_01/model.config
[11.819s] -- Installing: /home/deadsec/ros2_ws/src/robotics_development/autonomous_navigation/install/autonomous_navigation/share/autonomous_navigation/models/aws_robomaker_warehouse_DeskC_01/model.sdf
[11.819s] -- Installing: /home/deadsec/ros2_ws/src/robotics_development/autonomous_navigation/install/autonomous_navigation/share/autonomous_navigation/models/aws_robomaker_warehouse_DeskC_01/materials
[11.819s] -- Installing: /home/deadsec/ros2_ws/src/robotics_development/autonomous_navigation/install/autonomous_navigation/share/autonomous_navigation/models/aws_robomaker_warehouse_DeskC_01/materials/textures
[11.819s] -- Installing: /home/deadsec/ros2_ws/src/robotics_development/autonomous_navigation/install/autonomous_navigation/share/autonomous_navigation/models/aws_robomaker_warehouse_DeskC_01/materials/textures/aws_robomaker_warehouse_DeskC_04.png
[11.819s] -- Installing: /home/deadsec/ros2_ws/src/robotics_development/autonomous_navigation/install/autonomous_navigation/share/autonomous_navigation/models/aws_robomaker_warehouse_DeskC_01/materials/textures/aws_robomaker_warehouse_DeskC_03.psd
[11.820s] -- Installing: /home/deadsec/ros2_ws/src/robotics_development/autonomous_navigation/install/autonomous_navigation/share/autonomous_navigation/models/aws_robomaker_warehouse_DeskC_01/materials/textures/aws_robomaker_warehouse_DeskC_03.png
[11.821s] -- Installing: /home/deadsec/ros2_ws/src/robotics_development/autonomous_navigation/install/autonomous_navigation/share/autonomous_navigation/models/aws_robomaker_warehouse_DeskC_01/materials/textures/aws_robomaker_warehouse_DeskC_02.png
[11.821s] -- Installing: /home/deadsec/ros2_ws/src/robotics_development/autonomous_navigation/install/autonomous_navigation/share/autonomous_navigation/models/aws_robomaker_warehouse_DeskC_01/materials/textures/aws_robomaker_warehouse_DeskC_01.png
[11.821s] -- Installing: /home/deadsec/ros2_ws/src/robotics_development/autonomous_navigation/install/autonomous_navigation/share/autonomous_navigation/models/aws_robomaker_warehouse_DeskC_01/materials/.DS_Store
[11.821s] -- Installing: /home/deadsec/ros2_ws/src/robotics_development/autonomous_navigation/install/autonomous_navigation/share/autonomous_navigation/models/turtlebot3_burger
[11.821s] -- Installing: /home/deadsec/ros2_ws/src/robotics_development/autonomous_navigation/install/autonomous_navigation/share/autonomous_navigation/models/turtlebot3_burger/model.config
[11.821s] -- Installing: /home/deadsec/ros2_ws/src/robotics_development/autonomous_navigation/install/autonomous_navigation/share/autonomous_navigation/models/turtlebot3_burger/model.sdf
[11.821s] -- Installing: /home/deadsec/ros2_ws/src/robotics_development/autonomous_navigation/install/autonomous_navigation/share/autonomous_navigation/models/turtlebot3_burger/model-1_4.sdf
[11.821s] -- Installing: /home/deadsec/ros2_ws/src/robotics_development/autonomous_navigation/install/autonomous_navigation/share/autonomous_navigation/models/aws_robomaker_warehouse_ShelfD_01
[11.821s] -- Installing: /home/deadsec/ros2_ws/src/robotics_development/autonomous_navigation/install/autonomous_navigation/share/autonomous_navigation/models/aws_robomaker_warehouse_ShelfD_01/meshes
[11.821s] -- Installing: /home/deadsec/ros2_ws/src/robotics_development/autonomous_navigation/install/autonomous_navigation/share/autonomous_navigation/models/aws_robomaker_warehouse_ShelfD_01/meshes/aws_robomaker_warehouse_ShelfD_01_visual.DAE
[11.822s] -- Installing: /home/deadsec/ros2_ws/src/robotics_development/autonomous_navigation/install/autonomous_navigation/share/autonomous_navigation/models/aws_robomaker_warehouse_ShelfD_01/meshes/aws_robomaker_warehouse_ShelfD_01_collision.DAE
[11.822s] -- Installing: /home/deadsec/ros2_ws/src/robotics_development/autonomous_navigation/install/autonomous_navigation/share/autonomous_navigation/models/aws_robomaker_warehouse_ShelfD_01/model.config
[11.822s] -- Installing: /home/deadsec/ros2_ws/src/robotics_development/autonomous_navigation/install/autonomous_navigation/share/autonomous_navigation/models/aws_robomaker_warehouse_ShelfD_01/model.sdf
[11.822s] -- Installing: /home/deadsec/ros2_ws/src/robotics_development/autonomous_navigation/install/autonomous_navigation/share/autonomous_navigation/models/aws_robomaker_warehouse_ShelfD_01/materials
[11.822s] -- Installing: /home/deadsec/ros2_ws/src/robotics_development/autonomous_navigation/install/autonomous_navigation/share/autonomous_navigation/models/aws_robomaker_warehouse_ShelfD_01/materials/textures
[11.822s] -- Installing: /home/deadsec/ros2_ws/src/robotics_development/autonomous_navigation/install/autonomous_navigation/share/autonomous_navigation/models/aws_robomaker_warehouse_ShelfD_01/materials/textures/aws_robomaker_warehouse_ShelfD_03.png
[11.822s] -- Installing: /home/deadsec/ros2_ws/src/robotics_development/autonomous_navigation/install/autonomous_navigation/share/autonomous_navigation/models/aws_robomaker_warehouse_ShelfD_01/materials/textures/aws_robomaker_warehouse_ShelfD_04.png
[11.822s] -- Installing: /home/deadsec/ros2_ws/src/robotics_development/autonomous_navigation/install/autonomous_navigation/share/autonomous_navigation/models/aws_robomaker_warehouse_ShelfD_01/materials/textures/aws_robomaker_warehouse_ShelfD_01.png
[11.822s] -- Installing: /home/deadsec/ros2_ws/src/robotics_development/autonomous_navigation/install/autonomous_navigation/share/autonomous_navigation/models/aws_robomaker_warehouse_ShelfD_01/materials/textures/aws_robomaker_warehouse_ShelfD_02.png
[11.822s] -- Installing: /home/deadsec/ros2_ws/src/robotics_development/autonomous_navigation/install/autonomous_navigation/share/autonomous_navigation/models/turtlebot3_world
[11.822s] -- Installing: /home/deadsec/ros2_ws/src/robotics_development/autonomous_navigation/install/autonomous_navigation/share/autonomous_navigation/models/turtlebot3_world/meshes
[11.822s] -- Installing: /home/deadsec/ros2_ws/src/robotics_development/autonomous_navigation/install/autonomous_navigation/share/autonomous_navigation/models/turtlebot3_world/meshes/hexagon.dae
[11.822s] -- Installing: /home/deadsec/ros2_ws/src/robotics_development/autonomous_navigation/install/autonomous_navigation/share/autonomous_navigation/models/turtlebot3_world/meshes/wall.dae
[11.822s] -- Installing: /home/deadsec/ros2_ws/src/robotics_development/autonomous_navigation/install/autonomous_navigation/share/autonomous_navigation/models/turtlebot3_world/model.config
[11.822s] -- Installing: /home/deadsec/ros2_ws/src/robotics_development/autonomous_navigation/install/autonomous_navigation/share/autonomous_navigation/models/turtlebot3_world/model.sdf
[11.823s] -- Installing: /home/deadsec/ros2_ws/src/robotics_development/autonomous_navigation/install/autonomous_navigation/share/autonomous_navigation/models/turtlebot3_world/model-1_4.sdf
[11.823s] -- Installing: /home/deadsec/ros2_ws/src/robotics_development/autonomous_navigation/install/autonomous_navigation/share/autonomous_navigation/models/aws_robomaker_warehouse_TrashCanC_01
[11.823s] -- Installing: /home/deadsec/ros2_ws/src/robotics_development/autonomous_navigation/install/autonomous_navigation/share/autonomous_navigation/models/aws_robomaker_warehouse_TrashCanC_01/meshes
[11.823s] -- Installing: /home/deadsec/ros2_ws/src/robotics_development/autonomous_navigation/install/autonomous_navigation/share/autonomous_navigation/models/aws_robomaker_warehouse_TrashCanC_01/meshes/aws_robomaker_warehouse_TrashCanC_01_visual.DAE
[11.823s] -- Installing: /home/deadsec/ros2_ws/src/robotics_development/autonomous_navigation/install/autonomous_navigation/share/autonomous_navigation/models/aws_robomaker_warehouse_TrashCanC_01/meshes/aws_robomaker_warehouse_TrashCanC_01_collision.DAE
[11.823s] -- Installing: /home/deadsec/ros2_ws/src/robotics_development/autonomous_navigation/install/autonomous_navigation/share/autonomous_navigation/models/aws_robomaker_warehouse_TrashCanC_01/model.config
[11.823s] -- Installing: /home/deadsec/ros2_ws/src/robotics_development/autonomous_navigation/install/autonomous_navigation/share/autonomous_navigation/models/aws_robomaker_warehouse_TrashCanC_01/model.sdf
[11.823s] -- Installing: /home/deadsec/ros2_ws/src/robotics_development/autonomous_navigation/install/autonomous_navigation/share/autonomous_navigation/models/aws_robomaker_warehouse_TrashCanC_01/materials
[11.823s] -- Installing: /home/deadsec/ros2_ws/src/robotics_development/autonomous_navigation/install/autonomous_navigation/share/autonomous_navigation/models/aws_robomaker_warehouse_TrashCanC_01/materials/textures
[11.823s] -- Installing: /home/deadsec/ros2_ws/src/robotics_development/autonomous_navigation/install/autonomous_navigation/share/autonomous_navigation/models/aws_robomaker_warehouse_TrashCanC_01/materials/textures/aws_robomaker_warehouse_TrashCanC_01.png
[11.823s] -- Installing: /home/deadsec/ros2_ws/src/robotics_development/autonomous_navigation/install/autonomous_navigation/share/autonomous_navigation/models/aws_robomaker_warehouse_Bucket_01
[11.823s] -- Installing: /home/deadsec/ros2_ws/src/robotics_development/autonomous_navigation/install/autonomous_navigation/share/autonomous_navigation/models/aws_robomaker_warehouse_Bucket_01/meshes
[11.823s] -- Installing: /home/deadsec/ros2_ws/src/robotics_development/autonomous_navigation/install/autonomous_navigation/share/autonomous_navigation/models/aws_robomaker_warehouse_Bucket_01/meshes/aws_robomaker_warehouse_Bucket_01_visual.DAE
[11.823s] -- Installing: /home/deadsec/ros2_ws/src/robotics_development/autonomous_navigation/install/autonomous_navigation/share/autonomous_navigation/models/aws_robomaker_warehouse_Bucket_01/meshes/aws_robomaker_warehouse_Bucket_01_collision.DAE
[11.823s] -- Installing: /home/deadsec/ros2_ws/src/robotics_development/autonomous_navigation/install/autonomous_navigation/share/autonomous_navigation/models/aws_robomaker_warehouse_Bucket_01/model.config
[11.823s] -- Installing: /home/deadsec/ros2_ws/src/robotics_development/autonomous_navigation/install/autonomous_navigation/share/autonomous_navigation/models/aws_robomaker_warehouse_Bucket_01/model.sdf
[11.823s] -- Installing: /home/deadsec/ros2_ws/src/robotics_development/autonomous_navigation/install/autonomous_navigation/share/autonomous_navigation/models/aws_robomaker_warehouse_Bucket_01/materials
[11.823s] -- Installing: /home/deadsec/ros2_ws/src/robotics_development/autonomous_navigation/install/autonomous_navigation/share/autonomous_navigation/models/aws_robomaker_warehouse_Bucket_01/materials/textures
[11.823s] -- Installing: /home/deadsec/ros2_ws/src/robotics_development/autonomous_navigation/install/autonomous_navigation/share/autonomous_navigation/models/aws_robomaker_warehouse_Bucket_01/materials/textures/aws_robomaker_warehouse_Bucket_01.png
[11.823s] -- Installing: /home/deadsec/ros2_ws/src/robotics_development/autonomous_navigation/install/autonomous_navigation/share/autonomous_navigation/models/aws_robomaker_warehouse_Bucket_01/materials/.DS_Store
[11.823s] -- Installing: /home/deadsec/ros2_ws/src/robotics_development/autonomous_navigation/install/autonomous_navigation/share/autonomous_navigation/models/aws_robomaker_warehouse_Bucket_01/.DS_Store
[11.823s] -- Installing: /home/deadsec/ros2_ws/src/robotics_development/autonomous_navigation/install/autonomous_navigation/share/autonomous_navigation/models/aws_robomaker_warehouse_ClutteringC_01
[11.823s] -- Installing: /home/deadsec/ros2_ws/src/robotics_development/autonomous_navigation/install/autonomous_navigation/share/autonomous_navigation/models/aws_robomaker_warehouse_ClutteringC_01/meshes
[11.824s] -- Installing: /home/deadsec/ros2_ws/src/robotics_development/autonomous_navigation/install/autonomous_navigation/share/autonomous_navigation/models/aws_robomaker_warehouse_ClutteringC_01/meshes/aws_robomaker_warehouse_ClutteringC_01_collision.DAE
[11.824s] -- Installing: /home/deadsec/ros2_ws/src/robotics_development/autonomous_navigation/install/autonomous_navigation/share/autonomous_navigation/models/aws_robomaker_warehouse_ClutteringC_01/meshes/aws_robomaker_warehouse_ClutteringC_01_visual.DAE
[11.824s] -- Installing: /home/deadsec/ros2_ws/src/robotics_development/autonomous_navigation/install/autonomous_navigation/share/autonomous_navigation/models/aws_robomaker_warehouse_ClutteringC_01/model.config
[11.824s] -- Installing: /home/deadsec/ros2_ws/src/robotics_development/autonomous_navigation/install/autonomous_navigation/share/autonomous_navigation/models/aws_robomaker_warehouse_ClutteringC_01/model.sdf
[11.824s] -- Installing: /home/deadsec/ros2_ws/src/robotics_development/autonomous_navigation/install/autonomous_navigation/share/autonomous_navigation/models/aws_robomaker_warehouse_ClutteringC_01/materials
[11.824s] -- Installing: /home/deadsec/ros2_ws/src/robotics_development/autonomous_navigation/install/autonomous_navigation/share/autonomous_navigation/models/aws_robomaker_warehouse_ClutteringC_01/materials/textures
[11.824s] -- Installing: /home/deadsec/ros2_ws/src/robotics_development/autonomous_navigation/install/autonomous_navigation/share/autonomous_navigation/models/aws_robomaker_warehouse_ClutteringC_01/materials/textures/aws_robomaker_warehouse_ClutteringC_01.png
[11.824s] -- Installing: /home/deadsec/ros2_ws/src/robotics_development/autonomous_navigation/install/autonomous_navigation/share/autonomous_navigation/models/aws_robomaker_warehouse_ClutteringC_01/materials/textures/aws_robomaker_warehouse_ClutteringC_02.png
[11.824s] -- Installing: /home/deadsec/ros2_ws/src/robotics_development/autonomous_navigation/install/autonomous_navigation/share/autonomous_navigation/models/turtlebot3_waffle
[11.824s] -- Installing: /home/deadsec/ros2_ws/src/robotics_development/autonomous_navigation/install/autonomous_navigation/share/autonomous_navigation/models/turtlebot3_waffle/model.config
[11.824s] -- Installing: /home/deadsec/ros2_ws/src/robotics_development/autonomous_navigation/install/autonomous_navigation/share/autonomous_navigation/models/turtlebot3_waffle/model.sdf
[11.824s] -- Installing: /home/deadsec/ros2_ws/src/robotics_development/autonomous_navigation/install/autonomous_navigation/share/autonomous_navigation/models/turtlebot3_waffle/model-1_4.sdf
[11.824s] -- Installing: /home/deadsec/ros2_ws/src/robotics_development/autonomous_navigation/install/autonomous_navigation/share/autonomous_navigation/models/aws_robomaker_warehouse_ShelfE_01
[11.824s] -- Installing: /home/deadsec/ros2_ws/src/robotics_development/autonomous_navigation/install/autonomous_navigation/share/autonomous_navigation/models/aws_robomaker_warehouse_ShelfE_01/meshes
[11.824s] -- Installing: /home/deadsec/ros2_ws/src/robotics_development/autonomous_navigation/install/autonomous_navigation/share/autonomous_navigation/models/aws_robomaker_warehouse_ShelfE_01/meshes/aws_robomaker_warehouse_ShelfE_01_collision.DAE
[11.824s] -- Installing: /home/deadsec/ros2_ws/src/robotics_development/autonomous_navigation/install/autonomous_navigation/share/autonomous_navigation/models/aws_robomaker_warehouse_ShelfE_01/meshes/aws_robomaker_warehouse_ShelfE_01_visual.DAE
[11.824s] -- Installing: /home/deadsec/ros2_ws/src/robotics_development/autonomous_navigation/install/autonomous_navigation/share/autonomous_navigation/models/aws_robomaker_warehouse_ShelfE_01/model.config
[11.824s] -- Installing: /home/deadsec/ros2_ws/src/robotics_development/autonomous_navigation/install/autonomous_navigation/share/autonomous_navigation/models/aws_robomaker_warehouse_ShelfE_01/model.sdf
[11.824s] -- Installing: /home/deadsec/ros2_ws/src/robotics_development/autonomous_navigation/install/autonomous_navigation/share/autonomous_navigation/models/aws_robomaker_warehouse_ShelfE_01/materials
[11.824s] -- Installing: /home/deadsec/ros2_ws/src/robotics_development/autonomous_navigation/install/autonomous_navigation/share/autonomous_navigation/models/aws_robomaker_warehouse_ShelfE_01/materials/textures
[11.824s] -- Installing: /home/deadsec/ros2_ws/src/robotics_development/autonomous_navigation/install/autonomous_navigation/share/autonomous_navigation/models/aws_robomaker_warehouse_ShelfE_01/materials/textures/aws_robomaker_warehouse_ShelfE_03.png
[11.825s] -- Installing: /home/deadsec/ros2_ws/src/robotics_development/autonomous_navigation/install/autonomous_navigation/share/autonomous_navigation/models/aws_robomaker_warehouse_ShelfE_01/materials/textures/aws_robomaker_warehouse_ShelfE_02.png
[11.825s] -- Installing: /home/deadsec/ros2_ws/src/robotics_development/autonomous_navigation/install/autonomous_navigation/share/autonomous_navigation/models/aws_robomaker_warehouse_ShelfE_01/materials/textures/aws_robomaker_warehouse_ShelfE_04.png
[11.825s] -- Installing: /home/deadsec/ros2_ws/src/robotics_development/autonomous_navigation/install/autonomous_navigation/share/autonomous_navigation/models/aws_robomaker_warehouse_ShelfE_01/materials/textures/aws_robomaker_warehouse_ShelfE_01.png
[11.825s] -- Installing: /home/deadsec/ros2_ws/src/robotics_development/autonomous_navigation/install/autonomous_navigation/share/autonomous_navigation/models/aws_robomaker_warehouse_ShelfE_01/materials/.DS_Store
[11.825s] -- Installing: /home/deadsec/ros2_ws/src/robotics_development/autonomous_navigation/install/autonomous_navigation/share/autonomous_navigation/models/aws_robomaker_warehouse_ShelfE_01/.DS_Store
[11.825s] -- Installing: /home/deadsec/ros2_ws/src/robotics_development/autonomous_navigation/install/autonomous_navigation/share/autonomous_navigation/models/turtlebot3_waffle_pi
[11.825s] -- Installing: /home/deadsec/ros2_ws/src/robotics_development/autonomous_navigation/install/autonomous_navigation/share/autonomous_navigation/models/turtlebot3_waffle_pi/model-1_4_.sdf
[11.825s] -- Installing: /home/deadsec/ros2_ws/src/robotics_development/autonomous_navigation/install/autonomous_navigation/share/autonomous_navigation/models/turtlebot3_waffle_pi/model.config
[11.825s] -- Installing: /home/deadsec/ros2_ws/src/robotics_development/autonomous_navigation/install/autonomous_navigation/share/autonomous_navigation/models/turtlebot3_waffle_pi/model.sdf
[11.825s] -- Installing: /home/deadsec/ros2_ws/src/robotics_development/autonomous_navigation/install/autonomous_navigation/share/autonomous_navigation/models/aws_robomaker_warehouse_ClutteringD_01
[11.825s] -- Installing: /home/deadsec/ros2_ws/src/robotics_development/autonomous_navigation/install/autonomous_navigation/share/autonomous_navigation/models/aws_robomaker_warehouse_ClutteringD_01/meshes
[11.825s] -- Installing: /home/deadsec/ros2_ws/src/robotics_development/autonomous_navigation/install/autonomous_navigation/share/autonomous_navigation/models/aws_robomaker_warehouse_ClutteringD_01/meshes/aws_robomaker_warehouse_ClutteringD_01_collision.DAE
[11.825s] -- Installing: /home/deadsec/ros2_ws/src/robotics_development/autonomous_navigation/install/autonomous_navigation/share/autonomous_navigation/models/aws_robomaker_warehouse_ClutteringD_01/meshes/aws_robomaker_warehouse_ClutteringD_01_visual.DAE
[11.825s] -- Installing: /home/deadsec/ros2_ws/src/robotics_development/autonomous_navigation/install/autonomous_navigation/share/autonomous_navigation/models/aws_robomaker_warehouse_ClutteringD_01/model.config
[11.826s] -- Installing: /home/deadsec/ros2_ws/src/robotics_development/autonomous_navigation/install/autonomous_navigation/share/autonomous_navigation/models/aws_robomaker_warehouse_ClutteringD_01/model.sdf
[11.826s] -- Installing: /home/deadsec/ros2_ws/src/robotics_development/autonomous_navigation/install/autonomous_navigation/share/autonomous_navigation/models/aws_robomaker_warehouse_ClutteringD_01/materials
[11.826s] -- Installing: /home/deadsec/ros2_ws/src/robotics_development/autonomous_navigation/install/autonomous_navigation/share/autonomous_navigation/models/aws_robomaker_warehouse_ClutteringD_01/materials/textures
[11.826s] -- Installing: /home/deadsec/ros2_ws/src/robotics_development/autonomous_navigation/install/autonomous_navigation/share/autonomous_navigation/models/aws_robomaker_warehouse_ClutteringD_01/materials/textures/aws_robomaker_warehouse_ClutteringD_02.png
[11.826s] -- Installing: /home/deadsec/ros2_ws/src/robotics_development/autonomous_navigation/install/autonomous_navigation/share/autonomous_navigation/models/aws_robomaker_warehouse_ClutteringD_01/materials/textures/aws_robomaker_warehouse_ClutteringD_01.png
[11.826s] -- Installing: /home/deadsec/ros2_ws/src/robotics_development/autonomous_navigation/install/autonomous_navigation/share/autonomous_navigation/models/aws_robomaker_warehouse_GroundB_01
[11.826s] -- Installing: /home/deadsec/ros2_ws/src/robotics_development/autonomous_navigation/install/autonomous_navigation/share/autonomous_navigation/models/aws_robomaker_warehouse_GroundB_01/meshes
[11.826s] -- Installing: /home/deadsec/ros2_ws/src/robotics_development/autonomous_navigation/install/autonomous_navigation/share/autonomous_navigation/models/aws_robomaker_warehouse_GroundB_01/meshes/aws_robomaker_warehouse_GroundB_01_visual.DAE
[11.826s] -- Installing: /home/deadsec/ros2_ws/src/robotics_development/autonomous_navigation/install/autonomous_navigation/share/autonomous_navigation/models/aws_robomaker_warehouse_GroundB_01/meshes/aws_robomaker_warehouse_GroundB_01_collision.DAE
[11.826s] -- Installing: /home/deadsec/ros2_ws/src/robotics_development/autonomous_navigation/install/autonomous_navigation/share/autonomous_navigation/models/aws_robomaker_warehouse_GroundB_01/model.config
[11.826s] -- Installing: /home/deadsec/ros2_ws/src/robotics_development/autonomous_navigation/install/autonomous_navigation/share/autonomous_navigation/models/aws_robomaker_warehouse_GroundB_01/model.sdf
[11.826s] -- Installing: /home/deadsec/ros2_ws/src/robotics_development/autonomous_navigation/install/autonomous_navigation/share/autonomous_navigation/models/aws_robomaker_warehouse_GroundB_01/materials
[11.826s] -- Installing: /home/deadsec/ros2_ws/src/robotics_development/autonomous_navigation/install/autonomous_navigation/share/autonomous_navigation/models/aws_robomaker_warehouse_GroundB_01/materials/textures
[11.826s] -- Installing: /home/deadsec/ros2_ws/src/robotics_development/autonomous_navigation/install/autonomous_navigation/share/autonomous_navigation/models/aws_robomaker_warehouse_GroundB_01/materials/textures/aws_robomaker_warehouse_GroundB_02.png
[11.826s] -- Installing: /home/deadsec/ros2_ws/src/robotics_development/autonomous_navigation/install/autonomous_navigation/share/autonomous_navigation/models/aws_robomaker_warehouse_GroundB_01/materials/textures/aws_robomaker_warehouse_GroundB_01.png
[11.827s] -- Installing: /home/deadsec/ros2_ws/src/robotics_development/autonomous_navigation/install/autonomous_navigation/share/autonomous_navigation/models/aws_robomaker_warehouse_Lamp_01
[11.828s] -- Installing: /home/deadsec/ros2_ws/src/robotics_development/autonomous_navigation/install/autonomous_navigation/share/autonomous_navigation/models/aws_robomaker_warehouse_Lamp_01/meshes
[11.828s] -- Installing: /home/deadsec/ros2_ws/src/robotics_development/autonomous_navigation/install/autonomous_navigation/share/autonomous_navigation/models/aws_robomaker_warehouse_Lamp_01/meshes/aws_robomaker_warehouse_Lamp_01_collision.DAE
[11.828s] -- Installing: /home/deadsec/ros2_ws/src/robotics_development/autonomous_navigation/install/autonomous_navigation/share/autonomous_navigation/models/aws_robomaker_warehouse_Lamp_01/meshes/aws_robomaker_warehouse_Lamp_01_visual.DAE
[11.828s] -- Installing: /home/deadsec/ros2_ws/src/robotics_development/autonomous_navigation/install/autonomous_navigation/share/autonomous_navigation/models/aws_robomaker_warehouse_Lamp_01/model.config
[11.828s] -- Installing: /home/deadsec/ros2_ws/src/robotics_development/autonomous_navigation/install/autonomous_navigation/share/autonomous_navigation/models/aws_robomaker_warehouse_Lamp_01/model.sdf
[11.828s] -- Installing: /home/deadsec/ros2_ws/src/robotics_development/autonomous_navigation/install/autonomous_navigation/share/autonomous_navigation/models/aws_robomaker_warehouse_Lamp_01/materials
[11.828s] -- Installing: /home/deadsec/ros2_ws/src/robotics_development/autonomous_navigation/install/autonomous_navigation/share/autonomous_navigation/models/aws_robomaker_warehouse_Lamp_01/materials/textures
[11.828s] -- Installing: /home/deadsec/ros2_ws/src/robotics_development/autonomous_navigation/install/autonomous_navigation/share/autonomous_navigation/models/aws_robomaker_warehouse_Lamp_01/materials/textures/aws_robomaker_warehouse_Lamp_01.png
[11.828s] -- Installing: /home/deadsec/ros2_ws/src/robotics_development/autonomous_navigation/install/autonomous_navigation/share/autonomous_navigation/models/turtlebot3_dqn_world
[11.828s] -- Installing: /home/deadsec/ros2_ws/src/robotics_development/autonomous_navigation/install/autonomous_navigation/share/autonomous_navigation/models/turtlebot3_dqn_world/textures
[11.828s] -- Installing: /home/deadsec/ros2_ws/src/robotics_development/autonomous_navigation/install/autonomous_navigation/share/autonomous_navigation/models/turtlebot3_dqn_world/textures/wood.png
[11.828s] -- Installing: /home/deadsec/ros2_ws/src/robotics_development/autonomous_navigation/install/autonomous_navigation/share/autonomous_navigation/models/turtlebot3_dqn_world/obstacle1
[11.828s] -- Installing: /home/deadsec/ros2_ws/src/robotics_development/autonomous_navigation/install/autonomous_navigation/share/autonomous_navigation/models/turtlebot3_dqn_world/obstacle1/model.config
[11.828s] -- Installing: /home/deadsec/ros2_ws/src/robotics_development/autonomous_navigation/install/autonomous_navigation/share/autonomous_navigation/models/turtlebot3_dqn_world/obstacle1/model.sdf
[11.828s] -- Installing: /home/deadsec/ros2_ws/src/robotics_development/autonomous_navigation/install/autonomous_navigation/share/autonomous_navigation/models/turtlebot3_dqn_world/model.config
[11.828s] -- Installing: /home/deadsec/ros2_ws/src/robotics_development/autonomous_navigation/install/autonomous_navigation/share/autonomous_navigation/models/turtlebot3_dqn_world/model.sdf
[11.828s] -- Installing: /home/deadsec/ros2_ws/src/robotics_development/autonomous_navigation/install/autonomous_navigation/share/autonomous_navigation/models/turtlebot3_dqn_world/obstacles
[11.828s] -- Installing: /home/deadsec/ros2_ws/src/robotics_development/autonomous_navigation/install/autonomous_navigation/share/autonomous_navigation/models/turtlebot3_dqn_world/obstacles/model.config
[11.828s] -- Installing: /home/deadsec/ros2_ws/src/robotics_development/autonomous_navigation/install/autonomous_navigation/share/autonomous_navigation/models/turtlebot3_dqn_world/obstacles/model.sdf
[11.828s] -- Installing: /home/deadsec/ros2_ws/src/robotics_development/autonomous_navigation/install/autonomous_navigation/share/autonomous_navigation/models/turtlebot3_dqn_world/goal_box
[11.828s] -- Installing: /home/deadsec/ros2_ws/src/robotics_development/autonomous_navigation/install/autonomous_navigation/share/autonomous_navigation/models/turtlebot3_dqn_world/goal_box/model.config
[11.828s] -- Installing: /home/deadsec/ros2_ws/src/robotics_development/autonomous_navigation/install/autonomous_navigation/share/autonomous_navigation/models/turtlebot3_dqn_world/goal_box/model.sdf
[11.828s] -- Installing: /home/deadsec/ros2_ws/src/robotics_development/autonomous_navigation/install/autonomous_navigation/share/autonomous_navigation/models/turtlebot3_dqn_world/obstacle2
[11.828s] -- Installing: /home/deadsec/ros2_ws/src/robotics_development/autonomous_navigation/install/autonomous_navigation/share/autonomous_navigation/models/turtlebot3_dqn_world/obstacle2/model.config
[11.828s] -- Installing: /home/deadsec/ros2_ws/src/robotics_development/autonomous_navigation/install/autonomous_navigation/share/autonomous_navigation/models/turtlebot3_dqn_world/obstacle2/model.sdf
[11.828s] -- Installing: /home/deadsec/ros2_ws/src/robotics_development/autonomous_navigation/install/autonomous_navigation/share/autonomous_navigation/models/turtlebot3_dqn_world/inner_walls
[11.828s] -- Installing: /home/deadsec/ros2_ws/src/robotics_development/autonomous_navigation/install/autonomous_navigation/share/autonomous_navigation/models/turtlebot3_dqn_world/inner_walls/textures
[11.828s] -- Installing: /home/deadsec/ros2_ws/src/robotics_development/autonomous_navigation/install/autonomous_navigation/share/autonomous_navigation/models/turtlebot3_dqn_world/inner_walls/textures/wood.png
[11.829s] -- Installing: /home/deadsec/ros2_ws/src/robotics_development/autonomous_navigation/install/autonomous_navigation/share/autonomous_navigation/models/turtlebot3_dqn_world/inner_walls/model.config
[11.829s] -- Installing: /home/deadsec/ros2_ws/src/robotics_development/autonomous_navigation/install/autonomous_navigation/share/autonomous_navigation/models/turtlebot3_dqn_world/inner_walls/model.sdf
[11.829s] -- Installing: /home/deadsec/ros2_ws/src/robotics_development/autonomous_navigation/install/autonomous_navigation/share/autonomous_navigation/models/aws_robomaker_warehouse_ClutteringA_01
[11.829s] -- Installing: /home/deadsec/ros2_ws/src/robotics_development/autonomous_navigation/install/autonomous_navigation/share/autonomous_navigation/models/aws_robomaker_warehouse_ClutteringA_01/meshes
[11.829s] -- Installing: /home/deadsec/ros2_ws/src/robotics_development/autonomous_navigation/install/autonomous_navigation/share/autonomous_navigation/models/aws_robomaker_warehouse_ClutteringA_01/meshes/aws_robomaker_warehouse_ClutteringA_01_collision.DAE
[11.829s] -- Installing: /home/deadsec/ros2_ws/src/robotics_development/autonomous_navigation/install/autonomous_navigation/share/autonomous_navigation/models/aws_robomaker_warehouse_ClutteringA_01/meshes/aws_robomaker_warehouse_ClutteringA_01_visual.DAE
[11.829s] -- Installing: /home/deadsec/ros2_ws/src/robotics_development/autonomous_navigation/install/autonomous_navigation/share/autonomous_navigation/models/aws_robomaker_warehouse_ClutteringA_01/model.config
[11.829s] -- Installing: /home/deadsec/ros2_ws/src/robotics_development/autonomous_navigation/install/autonomous_navigation/share/autonomous_navigation/models/aws_robomaker_warehouse_ClutteringA_01/model.sdf
[11.829s] -- Installing: /home/deadsec/ros2_ws/src/robotics_development/autonomous_navigation/install/autonomous_navigation/share/autonomous_navigation/models/aws_robomaker_warehouse_ClutteringA_01/materials
[11.829s] -- Installing: /home/deadsec/ros2_ws/src/robotics_development/autonomous_navigation/install/autonomous_navigation/share/autonomous_navigation/models/aws_robomaker_warehouse_ClutteringA_01/materials/textures
[11.829s] -- Installing: /home/deadsec/ros2_ws/src/robotics_development/autonomous_navigation/install/autonomous_navigation/share/autonomous_navigation/models/aws_robomaker_warehouse_ClutteringA_01/materials/textures/aws_robomaker_warehouse_ClutteringA_03.png
[11.829s] -- Installing: /home/deadsec/ros2_ws/src/robotics_development/autonomous_navigation/install/autonomous_navigation/share/autonomous_navigation/models/aws_robomaker_warehouse_ClutteringA_01/materials/textures/aws_robomaker_warehouse_ClutteringA_01.png
[11.829s] -- Installing: /home/deadsec/ros2_ws/src/robotics_development/autonomous_navigation/install/autonomous_navigation/share/autonomous_navigation/models/aws_robomaker_warehouse_ClutteringA_01/materials/textures/aws_robomaker_warehouse_ClutteringA_02.png
[11.829s] -- Installing: /home/deadsec/ros2_ws/src/robotics_development/autonomous_navigation/install/autonomous_navigation/share/autonomous_navigation/models/aws_robomaker_warehouse_ClutteringA_01/materials/textures/.DS_Store
[11.829s] -- Installing: /home/deadsec/ros2_ws/src/robotics_development/autonomous_navigation/install/autonomous_navigation/share/autonomous_navigation/models/aws_robomaker_warehouse_ClutteringA_01/materials/.DS_Store
[11.829s] -- Installing: /home/deadsec/ros2_ws/src/robotics_development/autonomous_navigation/install/autonomous_navigation/share/autonomous_navigation/models/aws_robomaker_warehouse_ClutteringA_01/.DS_Store
[11.829s] -- Installing: /home/deadsec/ros2_ws/src/robotics_development/autonomous_navigation/install/autonomous_navigation/share/autonomous_navigation/config
[11.829s] -- Installing: /home/deadsec/ros2_ws/src/robotics_development/autonomous_navigation/install/autonomous_navigation/share/autonomous_navigation/config/mapper_params_online_async.yaml
[11.829s] -- Installing: /home/deadsec/ros2_ws/src/robotics_development/autonomous_navigation/install/autonomous_navigation/share/autonomous_navigation/config/explore.yaml
[11.829s] -- Installing: /home/deadsec/ros2_ws/src/robotics_development/autonomous_navigation/install/autonomous_navigation/share/autonomous_navigation/config/nav2_params_slam.yaml
[11.829s] -- Installing: /home/deadsec/ros2_ws/src/robotics_development/autonomous_navigation/install/autonomous_navigation/share/autonomous_navigation/rviz
[11.829s] -- Installing: /home/deadsec/ros2_ws/src/robotics_development/autonomous_navigation/install/autonomous_navigation/share/autonomous_navigation/rviz/auto_slam.rviz
[11.829s] -- Installing: /home/deadsec/ros2_ws/src/robotics_development/autonomous_navigation/install/autonomous_navigation/share/autonomous_navigation/scripts
[11.829s] -- Installing: /home/deadsec/ros2_ws/src/robotics_development/autonomous_navigation/install/autonomous_navigation/share/autonomous_navigation/scripts/save_map.sh
[11.829s] -- Installing: /home/deadsec/ros2_ws/src/robotics_development/autonomous_navigation/install/autonomous_navigation/share/autonomous_navigation/maps
[11.829s] -- Installing: /home/deadsec/ros2_ws/src/robotics_development/autonomous_navigation/install/autonomous_navigation/share/autonomous_navigation/maps/my_office_map.yaml
[11.829s] -- Installing: /home/deadsec/ros2_ws/src/robotics_development/autonomous_navigation/install/autonomous_navigation/share/autonomous_navigation/maps/office_checkpoint_1.posegraph
[11.833s] -- Installing: /home/deadsec/ros2_ws/src/robotics_development/autonomous_navigation/install/autonomous_navigation/share/autonomous_navigation/maps/my_office_map.pgm
[11.833s] -- Installing: /home/deadsec/ros2_ws/src/robotics_development/autonomous_navigation/install/autonomous_navigation/share/autonomous_navigation/maps/office_checkpoint_1.data
[11.834s] -- Installing: /home/deadsec/ros2_ws/src/robotics_development/autonomous_navigation/install/autonomous_navigation/share/ament_index/resource_index/package_run_dependencies/autonomous_navigation
[11.834s] -- Installing: /home/deadsec/ros2_ws/src/robotics_development/autonomous_navigation/install/autonomous_navigation/share/ament_index/resource_index/parent_prefix_path/autonomous_navigation
[11.834s] -- Installing: /home/deadsec/ros2_ws/src/robotics_development/autonomous_navigation/install/autonomous_navigation/share/autonomous_navigation/environment/ament_prefix_path.sh
[11.835s] -- Installing: /home/deadsec/ros2_ws/src/robotics_development/autonomous_navigation/install/autonomous_navigation/share/autonomous_navigation/environment/ament_prefix_path.dsv
[11.835s] -- Installing: /home/deadsec/ros2_ws/src/robotics_development/autonomous_navigation/install/autonomous_navigation/share/autonomous_navigation/environment/path.sh
[11.835s] -- Installing: /home/deadsec/ros2_ws/src/robotics_development/autonomous_navigation/install/autonomous_navigation/share/autonomous_navigation/environment/path.dsv
[11.835s] -- Installing: /home/deadsec/ros2_ws/src/robotics_development/autonomous_navigation/install/autonomous_navigation/share/autonomous_navigation/local_setup.bash
[11.835s] -- Installing: /home/deadsec/ros2_ws/src/robotics_development/autonomous_navigation/install/autonomous_navigation/share/autonomous_navigation/local_setup.sh
[11.835s] -- Installing: /home/deadsec/ros2_ws/src/robotics_development/autonomous_navigation/install/autonomous_navigation/share/autonomous_navigation/local_setup.zsh
[11.835s] -- Installing: /home/deadsec/ros2_ws/src/robotics_development/autonomous_navigation/install/autonomous_navigation/share/autonomous_navigation/local_setup.dsv
[11.835s] -- Installing: /home/deadsec/ros2_ws/src/robotics_development/autonomous_navigation/install/autonomous_navigation/share/autonomous_navigation/package.dsv
[11.835s] -- Installing: /home/deadsec/ros2_ws/src/robotics_development/autonomous_navigation/install/autonomous_navigation/share/ament_index/resource_index/packages/autonomous_navigation
[11.835s] -- Installing: /home/deadsec/ros2_ws/src/robotics_development/autonomous_navigation/install/autonomous_navigation/share/autonomous_navigation/cmake/export_autonomous_navigation__rosidl_generator_cExport.cmake
[11.835s] -- Installing: /home/deadsec/ros2_ws/src/robotics_development/autonomous_navigation/install/autonomous_navigation/share/autonomous_navigation/cmake/export_autonomous_navigation__rosidl_generator_cExport-noconfig.cmake
[11.835s] -- Installing: /home/deadsec/ros2_ws/src/robotics_development/autonomous_navigation/install/autonomous_navigation/share/autonomous_navigation/cmake/export_autonomous_navigation__rosidl_typesupport_fastrtps_cExport.cmake
[11.835s] -- Installing: /home/deadsec/ros2_ws/src/robotics_development/autonomous_navigation/install/autonomous_navigation/share/autonomous_navigation/cmake/export_autonomous_navigation__rosidl_typesupport_fastrtps_cExport-noconfig.cmake
[11.835s] -- Installing: /home/deadsec/ros2_ws/src/robotics_development/autonomous_navigation/install/autonomous_navigation/share/autonomous_navigation/cmake/export_autonomous_navigation__rosidl_generator_cppExport.cmake
[11.835s] -- Installing: /home/deadsec/ros2_ws/src/robotics_development/autonomous_navigation/install/autonomous_navigation/share/autonomous_navigation/cmake/export_autonomous_navigation__rosidl_typesupport_fastrtps_cppExport.cmake
[11.835s] -- Installing: /home/deadsec/ros2_ws/src/robotics_development/autonomous_navigation/install/autonomous_navigation/share/autonomous_navigation/cmake/export_autonomous_navigation__rosidl_typesupport_fastrtps_cppExport-noconfig.cmake
[11.835s] -- Installing: /home/deadsec/ros2_ws/src/robotics_development/autonomous_navigation/install/autonomous_navigation/share/autonomous_navigation/cmake/autonomous_navigation__rosidl_typesupport_introspection_cExport.cmake
[11.835s] -- Installing: /home/deadsec/ros2_ws/src/robotics_development/autonomous_navigation/install/autonomous_navigation/share/autonomous_navigation/cmake/autonomous_navigation__rosidl_typesupport_introspection_cExport-noconfig.cmake
[11.836s] -- Installing: /home/deadsec/ros2_ws/src/robotics_development/autonomous_navigation/install/autonomous_navigation/share/autonomous_navigation/cmake/autonomous_navigation__rosidl_typesupport_cExport.cmake
[11.836s] -- Installing: /home/deadsec/ros2_ws/src/robotics_development/autonomous_navigation/install/autonomous_navigation/share/autonomous_navigation/cmake/autonomous_navigation__rosidl_typesupport_cExport-noconfig.cmake
[11.836s] -- Installing: /home/deadsec/ros2_ws/src/robotics_development/autonomous_navigation/install/autonomous_navigation/share/autonomous_navigation/cmake/autonomous_navigation__rosidl_typesupport_introspection_cppExport.cmake
[11.836s] -- Installing: /home/deadsec/ros2_ws/src/robotics_development/autonomous_navigation/install/autonomous_navigation/share/autonomous_navigation/cmake/autonomous_navigation__rosidl_typesupport_introspection_cppExport-noconfig.cmake
[11.836s] -- Installing: /home/deadsec/ros2_ws/src/robotics_development/autonomous_navigation/install/autonomous_navigation/share/autonomous_navigation/cmake/autonomous_navigation__rosidl_typesupport_cppExport.cmake
[11.836s] -- Installing: /home/deadsec/ros2_ws/src/robotics_development/autonomous_navigation/install/autonomous_navigation/share/autonomous_navigation/cmake/autonomous_navigation__rosidl_typesupport_cppExport-noconfig.cmake
[11.836s] -- Installing: /home/deadsec/ros2_ws/src/robotics_development/autonomous_navigation/install/autonomous_navigation/share/autonomous_navigation/cmake/export_autonomous_navigation__rosidl_generator_pyExport.cmake
[11.836s] -- Installing: /home/deadsec/ros2_ws/src/robotics_development/autonomous_navigation/install/autonomous_navigation/share/autonomous_navigation/cmake/export_autonomous_navigation__rosidl_generator_pyExport-noconfig.cmake
[11.836s] -- Installing: /home/deadsec/ros2_ws/src/robotics_development/autonomous_navigation/install/autonomous_navigation/share/autonomous_navigation/cmake/rosidl_cmake-extras.cmake
[11.836s] -- Installing: /home/deadsec/ros2_ws/src/robotics_development/autonomous_navigation/install/autonomous_navigation/share/autonomous_navigation/cmake/ament_cmake_export_dependencies-extras.cmake
[11.836s] -- Installing: /home/deadsec/ros2_ws/src/robotics_development/autonomous_navigation/install/autonomous_navigation/share/autonomous_navigation/cmake/ament_cmake_export_include_directories-extras.cmake
[11.836s] -- Installing: /home/deadsec/ros2_ws/src/robotics_development/autonomous_navigation/install/autonomous_navigation/share/autonomous_navigation/cmake/ament_cmake_export_libraries-extras.cmake
[11.836s] -- Installing: /home/deadsec/ros2_ws/src/robotics_development/autonomous_navigation/install/autonomous_navigation/share/autonomous_navigation/cmake/ament_cmake_export_targets-extras.cmake
[11.836s] -- Installing: /home/deadsec/ros2_ws/src/robotics_development/autonomous_navigation/install/autonomous_navigation/share/autonomous_navigation/cmake/rosidl_cmake_export_typesupport_targets-extras.cmake
[11.836s] -- Installing: /home/deadsec/ros2_ws/src/robotics_development/autonomous_navigation/install/autonomous_navigation/share/autonomous_navigation/cmake/rosidl_cmake_export_typesupport_libraries-extras.cmake
[11.836s] -- Installing: /home/deadsec/ros2_ws/src/robotics_development/autonomous_navigation/install/autonomous_navigation/share/autonomous_navigation/cmake/rosidl_cmake_aggregate_target-extras.cmake
[11.836s] -- Installing: /home/deadsec/ros2_ws/src/robotics_development/autonomous_navigation/install/autonomous_navigation/share/autonomous_navigation/cmake/autonomous_navigationConfig.cmake
[11.836s] -- Installing: /home/deadsec/ros2_ws/src/robotics_development/autonomous_navigation/install/autonomous_navigation/share/autonomous_navigation/cmake/autonomous_navigationConfig-version.cmake
[11.836s] -- Installing: /home/deadsec/ros2_ws/src/robotics_development/autonomous_navigation/install/autonomous_navigation/share/autonomous_navigation/package.xml
[11.838s] Invoked command in '/home/deadsec/ros2_ws/src/robotics_development/autonomous_navigation/build/autonomous_navigation' returned '0': CMAKE_PREFIX_PATH=${CMAKE_PREFIX_PATH}:/home/deadsec/ros2_ws/install/turtlebot3_teleop:/home/deadsec/ros2_ws/install/turtlebot3_example:/opt/ros/jazzy DEBUGINFOD_URLS=https://debuginfod.ubuntu.com /usr/bin/cmake --install /home/deadsec/ros2_ws/src/robotics_development/autonomous_navigation/build/autonomous_navigation
